_¶é__³è,"If you do wish to participate in the research study, please select ""Agree"".",(1) Current country/area of residence?,(2) What is your current occupation?,(3) Your primary programming language?,(4) What best describes your primary role?,(5) How many years of experience do you have with your primary role?,(1) Do you think refactoring is an important part of DL software development process?,(2) Do you think the refactoring operations below are important in DL projects? [Rename],(2) Do you think the refactoring operations below are important in DL projects? [Move],(2) Do you think the refactoring operations below are important in DL projects? [Extract],(2) Do you think the refactoring operations below are important in DL projects? [Inline],(2) Do you think the refactoring operations below are important in DL projects? [Pull up],(2) Do you think the refactoring operations below are important in DL projects? [Push down],(2) Do you think the refactoring operations below are important in DL projects? [API Refactoring],(2) Do you think the refactoring operations below are important in DL projects? [Consolidate or Decompose Conditional Expression],(2) Do you think the refactoring operations below are important in DL projects? [Remove Dead Code],(3) Do you think refactoring operations below are frequently used in DL projects? [Rename],(3) Do you think refactoring operations below are frequently used in DL projects? [Move],(3) Do you think refactoring operations below are frequently used in DL projects? [Extract],(3) Do you think refactoring operations below are frequently used in DL projects? [Inline],(3) Do you think refactoring operations below are frequently used in DL projects? [Pull up],(3) Do you think refactoring operations below are frequently used in DL projects? [Push down],(3) Do you think refactoring operations below are frequently used in DL projects? [API Refactoring],(3) Do you think refactoring operations below are frequently used in DL projects? [Consolidate or Decompose Conditional Expression],(3) Do you think refactoring operations below are frequently used in DL projects? [Remove Dead Code],"(4) If you have a refactoring operation to add, please write it below.",(5) Do you think refactoring granularitoes below are important to improve the quality of the code in your DL project? [Variable],(5) Do you think refactoring granularitoes below are important to improve the quality of the code in your DL project? [Statement],(5) Do you think refactoring granularitoes below are important to improve the quality of the code in your DL project? [Method],(5) Do you think refactoring granularitoes below are important to improve the quality of the code in your DL project? [Class],(5) Do you think refactoring granularitoes below are important to improve the quality of the code in your DL project? [Module],(6) Do you think refactoring granularities below are frequently used in your DL project?  [Variable],(6) Do you think refactoring granularities below are frequently used in your DL project?  [Statement],(6) Do you think refactoring granularities below are frequently used in your DL project?  [Method],(6) Do you think refactoring granularities below are frequently used in your DL project?  [Class],(6) Do you think refactoring granularities below are frequently used in your DL project?  [Module],(1) Have you used or are you familiar with code smell detection tools?,"(2) If you have used code smell detection tools,  what is your opinion of these tools? If not, what factors or concerns have deterred you from trying code smell detection tools so far?",(4) Have you used or are you familiar with automatic refactoring tools?,"(5) If you have used automatic refactoring tools,  what is your opinion of these tools? If not, what factors or concerns have deterred you from trying automatic refactoring tools so far?",(6) Have you encountered any challenges or obstacles when using automatic refactoring tools? Please describe.,(1) Do you have any suggestions on how to improve automatic refactoring tools? ,"(2) Thank you very much for participating in our survey. If you have any additional comments or ideas, please feel free to share them below."
2023-11-11 ä¸__01:38:19,Agree,China,Industrial or freelance professional,"C/C++, Python",Development,6 to 9 years,Strong Agree,Neutral,Agree,Agree,Agree,Agree,Agree,Neutral,Agree,Agree,Neutral,Neutral,Agree,Agree,Neutral,Neutral,Disagree,Agree,Agree,Parameter object,Neutral,Agree,Agree,Agree,Agree,Disagree,Agree,Agree,Neutral,Disagree,No,,No,,,,Deployment repos and research repos might have different refactoring tendencies.
2023-11-11 ä¸__01:01:15,Agree,,Industrial or freelance professional,"C/C++, Python, rust",algo and dev,,Strong Agree,Disagree,Disagree,Agree,Strong Agree,Strongly Disagree,Agree,Disagree,Strong Agree,Strong Agree,Strongly Disagree,Strongly Disagree,Agree,Agree,Strong Agree,Disagree,Agree,Disagree,Strongly Disagree,,Disagree,Strongly Disagree,Strong Agree,Strong Agree,Disagree,Agree,Disagree,Strong Agree,Strong Agree,Neutral,No,"code quality is quite subjective and i dont think it could be effectively evaluated by a tool. for example, if there is a near-zero coefficient multiplied to a output of a rather complicated function, would you mark it as important?",No,the tools are usually designed for general purpose code analysis and are not specific to dl use cases. I don__ use them a lot and it__ sometimes not their fault. for example PyTorch doesn__ get its typing annotations straight. the tools hardly give valuable feedbacks ,,,feel free to contact me via admin@penguinliong.moe
2023-11-13 ä¸__03:54:35,Agree,Helsinki,Industrial or freelance professional,Python,Project Manager,6 to 9 years,Agree,Strong Agree,Agree,Strong Agree,Strong Agree,Strong Agree,Strong Agree,Agree,Agree,Strong Agree,Agree,Agree,Agree,Disagree,Agree,Agree,Neutral,Agree,Strong Agree,,Strong Agree,Agree,Agree,Strong Agree,Strong Agree,Agree,Agree,Agree,Agree,Agree,Yes,"I may not agree with the code smell. It may smell, but the refactoring may not make sense at a given point.",Yes,"It__ ok for very simple things within a module. Buy it can cause troubles sometimes, if you rename a variable to a name that alteady is taken by another variable, for example.",,"To be as explicit as possible before confirming changes, and it should always be easy to undo/have an easily navigatable history of recent changes. ",Good luck with the research!
2023-11-16 ä¸__06:17:25,Agree,Montenegro,Industrial or freelance professional,Python,Architect,10 years or more,Agree,Neutral,Agree,Strong Agree,Strong Agree,Agree,Agree,Neutral,Strong Agree,Strong Agree,Agree,Agree,Agree,Agree,I don't Know,I don't Know,Agree,Agree,Agree,,Neutral,Agree,Agree,Agree,Agree,Agree,Agree,Neutral,Neutral,Neutral,Yes,"Very useful, but people who. need them most can't figure out how to set them up",Yes,Simple operations can be performed by the tool,Setup of comprehensive free and open source tooling is still challenging for many,Setup and configuration,Good luck with your research. Please share results
2023-11-10 ä¸__07:06:08,Agree,South Korea,Academic or industrial researcher,Python,Project Manager,2 to 3 years,Strong Agree,Agree,Agree,Agree,Neutral,Neutral,Neutral,Neutral,Agree,Strong Agree,Neutral,Neutral,Disagree,Disagree,Disagree,Disagree,Disagree,Neutral,Disagree,,Agree,Agree,Strong Agree,Agree,Strong Agree,Agree,Neutral,Agree,Agree,Neutral,No,I haven't used them so far.,Yes,I think automatic refactoring tools are very useful. ,"It is convenient, but it sometimes annoys because these tools change parts that do not need changes","I hope those tools are less invasive. Sometimes I feel they ""force"" me to refactor my code although some parts do not need a refactoring job.",Hope it helped. Good luck!
2023-11-13 ä¸__09:30:18,Agree,"Andhra Pradesh, India.",Undergraduate/graduate student,"C/C++, Python",Algorithm/ML Model Design,0 to 1 year,Strong Agree,Neutral,Neutral,Neutral,Neutral,Agree,Agree,I don't Know,Strong Agree,Strong Agree,Disagree,Neutral,Disagree,Neutral,Neutral,Neutral,I don't Know,Strong Agree,Strong Agree,,Neutral,Agree,Agree,Strong Agree,Strong Agree,Disagree,Neutral,Agree,Neutral,Agree,Yes,"I use Pylint, Ruff, different pre-commit hooks to find code that can be refactored, bugs in my code. They are pretty great but most are very slow. Ruff is the fastest tool I used. It'll be very good if all the tools are as fast as ruff.",Yes,I have used Sourcery tool for refactoring Python based codebases. It's a great tool.,"Sometimes they suggest few un-necessary changes, that I believe are not needed and bit of overkill.",I want them to be as fast as possible. Most of the tools take 20 secs (like Pylint for example) when working with large codebases.,I am happy to participate in this survey. It would be nice if you can suggest me various refactoring tools that are used in the industry knowing them will make me a better developer __.
2023-11-24 ä¸__09:07:01,Agree,India,Industrial or freelance professional,"C/C++, Python, JavaScript",Development,2 to 3 years,Agree,Neutral,Neutral,Agree,Agree,Agree,Agree,Agree,Agree,Strong Agree,I don't Know,I don't Know,I don't Know,I don't Know,I don't Know,I don't Know,I don't Know,I don't Know,Disagree,None. I do everything myself or through review,Agree,Neutral,Agree,Agree,Agree,Neutral,Neutral,Neutral,Neutral,Neutral,No,i only use ruff as of now so i cant answer this question in depth,No,,,I have not worked with these in depth so i have no suggestions,i dont think i was a good candidate for you to survey
2023-11-13 ä¸__09:01:41,Agree,Brazil,Undergraduate/graduate student,TypeScript,Development,4 to 5 years,Agree,Neutral,Neutral,Neutral,Neutral,Neutral,Neutral,Neutral,Neutral,Strong Agree,Disagree,Disagree,Disagree,Disagree,Disagree,Disagree,Agree,Neutral,,,Neutral,Neutral,Neutral,Neutral,Neutral,Neutral,Neutral,Neutral,Neutral,Neutral,Yes,I don't really like these tools. Sometimes it's impossible to run away from hacks. I think code and PR reviews are much more effective given the reality of an organization.,Yes,it makes things faster but it usually doesn't handle heavy complexity too well,"if the codebase is nasty and very hard to understand, these tools will be like shooting the sun with a super soaker.",Not even state of the art AI can achieve that perfectly so I think the best approach is to properly teach people how to code.,I marked a lot of answers as neutral because it depends heavily on the project. I do think that API changes are not good because it might break projects that depend on it.
2023-11-14 ä¸__02:18:04,Agree,Taiwan,Undergraduate/graduate student,Python,Algorithm/ML Model Design,2 to 3 years,Strong Agree,Neutral,Neutral,Strong Agree,Strong Agree,Agree,Agree,Strong Agree,Strong Agree,Agree,Disagree,Disagree,Strong Agree,Strong Agree,Neutral,Neutral,Agree,Agree,Neutral,,Neutral,Neutral,Agree,Strong Agree,Strong Agree,Disagree,Neutral,Agree,Strong Agree,Strong Agree,Yes,Pylint,No,I use VScode and I don't know if there are such tools.,,,"I think there should be a framework which arranges the codebase and modules (e.g. puts models in ./models/**.py and puts data pipeline in ./data/**.py), existed tools like PytorchLightning just help us arrange the class."
2023-11-14 ä¸__04:17:49,Agree,China,Academic or industrial researcher,"Java, Python, Golang",Security Engineer,6 to 9 years,Strong Agree,Neutral,Neutral,Agree,Agree,Agree,Agree,Agree,Agree,Strong Agree,Agree,Agree,Agree,Agree,Neutral,Neutral,Neutral,Neutral,Strong Agree,,Neutral,Neutral,Agree,Agree,Agree,Agree,Agree,Agree,Neutral,Neutral,Yes,,Yes,False Positives/Negatives,Contextual Understanding,Refine algorithms to reduce false positives and negatives.,"If you intend to promote in the open source community, easy-to-understand documentation is important."
2023-11-13 ä¸__09:37:38,Agree,India,Industrial or freelance professional,Python,MLOps,2 to 3 years,Agree,Neutral,Agree,Strong Agree,Agree,Neutral,Neutral,Strong Agree,Neutral,Strong Agree,Strong Agree,Strong Agree,Strong Agree,Strong Agree,Agree,Agree,Agree,Agree,Strong Agree,Method extraction,Neutral,Agree,Strong Agree,Strong Agree,Agree,Neutral,Neutral,Agree,Agree,Strong Agree,Yes,"Generally good for mid-level complexity programs, but are not good for at most coverage",No,I don__ have much experience regarding these,They are not quite marketed well as compared to other refactoring tools,Just a better test coverage after the automatic refactoring,It was genuinely on point survey
2023-11-14 ä¸__10:57:37,Agree,China,Industrial or freelance professional,"C/C++, Python",Development,6 to 9 years,Agree,Agree,Agree,Strong Agree,Agree,Agree,Agree,Agree,Agree,Strong Agree,Agree,Agree,Agree,Agree,Agree,Agree,Disagree,Agree,Neutral,"Performance refactoring, code readability refactoring",Disagree,Agree,Agree,Agree,Agree,Strongly Disagree,Agree,Agree,Agree,Agree,No,,No,,,,JAX is rising star
2023-11-18 ä¸__03:07:04,Agree,Italy,Academic or industrial researcher,Python,Algorithm/ML Model Design,2 to 3 years,Strong Agree,Strong Agree,Strong Agree,Strong Agree,Strong Agree,Strong Agree,Strong Agree,Strong Agree,Strong Agree,Strong Agree,Strong Agree,Strong Agree,Strong Agree,Agree,Agree,Agree,Strong Agree,Strong Agree,Strong Agree,,Strong Agree,Strong Agree,Strong Agree,Strong Agree,Strong Agree,Strong Agree,Strong Agree,,Neutral,Neutral,Yes,once you try them you never come back,Yes,Absolutely necessary to keep the code clean and professional,when refactoring the imports usually they tend to use the absolute instead of the relative path,learn the user's coding style and adapt to it instead of forcing a predefined standard,keep the hard work!
2023-11-12 ä¸__11:02:16,Agree,China,Undergraduate/graduate student,"Python, JavaScript",Algorithm/ML Model Design,6 to 9 years,Strong Agree,Neutral,Agree,Strong Agree,Strong Agree,Neutral,Neutral,Disagree,Strong Agree,Agree,Agree,Agree,Strong Agree,Strong Agree,Agree,Agree,Disagree,Strong Agree,Agree,Register,Disagree,Agree,Strong Agree,Strong Agree,Strong Agree,Agree,Strong Agree,Strong Agree,Strong Agree,Strong Agree,Yes,They find it difficult to distinguish more semantically,No,"No. A project should design an architectural hierarchy at the beginning, decouple the capabilities of each part, improve the system's localization, and adjust the entire architecture during refactoring",It would be very useful if architecture level refactoring could be carried out,It would be very useful if architecture level refactoring could be carried out,Looking forward to receiving the progress of your group's follow-up work. :)
2023-11-17 ä¸__06:20:05,Agree,India,Industrial or freelance professional,"Python, JavaScript, Go",Development,2 to 3 years,Strong Agree,Agree,Strong Agree,Strong Agree,Agree,Disagree,Agree,Strong Agree,Agree,Strong Agree,Agree,Disagree,Agree,Disagree,Disagree,Strong Agree,Agree,Agree,Strong Agree,,Agree,Disagree,Strong Agree,Strong Agree,Agree,Agree,Disagree,Agree,Strong Agree,Disagree,Yes,"Lot of these tools are now using LLMs, which have had both a detrimental and an incremental impact on their quality.",Yes,IDEs do this built-in and are hence quite sufficient for most use-cases.,Not as of yet.,An ability to provide more context to such tools and using that context would be greatly useful to such tools.,N/A
2023-11-8 ä¸__12:37:07,Agree,US,Academic or industrial researcher,"Python, JavaScript",Testing,2 to 3 years,Strong Agree,Agree,Disagree,Agree,Strong Agree,Neutral,Agree,Strong Agree,Strong Agree,Strong Agree,Agree,Neutral,Strong Agree,I don't Know,Agree,Strong Agree,Agree,Strong Agree,,N/A,Agree,Neutral,Strong Agree,Agree,Strong Agree,Agree,Disagree,Neutral,Agree,Strong Agree,No,N/A,Yes,Useful in production,n/a,n/a,n/a
2023-11-13 ä¸__10:02:18,Agree,Brazil,Industrial or freelance professional,Python,data engineer,2 to 3 years,Agree,Neutral,Neutral,Neutral,Neutral,Neutral,Neutral,Agree,Agree,Strong Agree,Neutral,Neutral,Neutral,Neutral,Neutral,Neutral,Agree,Agree,Agree,,Agree,Agree,Agree,Agree,Agree,Agree,Agree,Agree,Agree,Agree,Yes,Lint and qaulity checks in general,No,Need to have the sutffs uner control.,No.,no,no
2023-11-14 ä¸__06:05:46,Agree,"Bangalore, India",Industrial or freelance professional,"C/C++, Python",Algorithm/ML Model Design,6 to 9 years,Agree,Strong Agree,Strong Agree,Agree,Agree,Agree,Agree,Strong Agree,Strong Agree,Agree,Strong Agree,Agree,Agree,Agree,Agree,Agree,Agree,Agree,Agree,,Agree,Strong Agree,Strong Agree,Strong Agree,Agree,Strong Agree,Strong Agree,Strong Agree,Strong Agree,Agree,Yes,I have used tools like Clang-Tidy. They does what they intend to do as per the configured rules. but usage wise its difficult.,No,Nope,NA,use GPT-4,NO
2023-11-14 ä¸__02:21:49,Agree,Nigeria,Undergraduate/graduate student,Python,Development,2 to 3 years,Agree,Strong Agree,Strong Agree,Agree,Agree,Neutral,Neutral,Agree,Agree,Strong Agree,Agree,Agree,Agree,Agree,Neutral,Neutral,Agree,Neutral,Agree,,Agree,Strong Agree,Agree,Strong Agree,Agree,Neutral,Agree,Neutral,Agree,Neutral,No,None,Yes,I think they're great but still needs specific syntax detailing as to what the developer wanted to convey,None,"often times, I don't use it, but I think one way to improve them is to make sure they're keen to the slightest of details to the codes",None
2023-11-14 ä¸__09:19:12,Agree,"Beijing, China",Academic or industrial researcher,"Python, Shell",Algorithm/ML Model Design,4 to 5 years,Strong Agree,Agree,Agree,Strong Agree,Strong Agree,Strong Agree,Strong Agree,Strong Agree,Agree,Strong Agree,Strong Agree,Strong Agree,Strong Agree,Strong Agree,Strong Agree,Strong Agree,Neutral,Agree,Strong Agree,"Then I have to redesign, reconstruct, and refactoring the operation.",Strong Agree,Strong Agree,Strong Agree,Neutral,Strong Agree,Strong Agree,Strong Agree,Strong Agree,Strong Agree,Neutral,Yes,I've mainly used tools like Copilot and Cursor. These have been my go-to choices for code-related tasks.,Yes,I've mainly used tools such as Copilot and Cursor for my tasks. They have been my primary tools in this context.,"Generally, I haven't encountered significant challenges. The main effort lies in designing prompts and validating the modification results suggested by these tools. If I were to pinpoint a primary challenge, it would be the lack of a systemic understanding of the logic and methods behind refactoring, as opposed to relying on past experience and lessons learned.","I believe it's essential to utilize GPT-like tools, and I recommend a deeper exploration into the design of prompts for these tools.",None
2023-11-26 ä¸__07:53:42,Agree,UK,Academic or industrial researcher,Python,Algorithm/ML Model Design,4 to 5 years,Strong Agree,Strongly Disagree,Disagree,Agree,Agree,Disagree,Agree,Agree,Strong Agree,Strong Agree,Neutral,Agree,Strong Agree,Agree,Agree,Agree,Strong Agree,Strong Agree,Strong Agree,,Strong Agree,Agree,Strong Agree,Agree,Strong Agree,Agree,Strong Agree,Strong Agree,Neutral,Strong Agree,No,,Yes,It can hardly analysis project with complicate config,Nope,"I can talk about this issue if you want, refactoring is one of the most important thing in my research.",Nope
2023-11-13 ä¸__08:23:33,Agree,China/beijing,Industrial or freelance professional,Python,Testing,10 years or more,Strong Agree,Neutral,Neutral,Agree,Agree,Agree,Agree,Agree,Agree,Agree,Neutral,Neutral,Agree,Agree,Agree,Agree,Agree,Agree,Agree,null,Agree,Agree,Agree,Agree,Agree,Agree,Agree,Agree,Agree,Agree,No,project limit,No,project limit,null,null,null
2023-11-28 ä¸__04:36:44,Agree,PRC,Industrial or freelance professional,Python,Algorithm/ML Model Design,10 years or more,Strong Agree,Strong Agree,Strong Agree,Strong Agree,Agree,Neutral,Neutral,Agree,Agree,Strong Agree,Strong Agree,Agree,Strong Agree,Agree,Neutral,Neutral,Agree,Agree,Strong Agree,extract class property,Strong Agree,Agree,Strong Agree,Agree,Strong Agree,Strong Agree,Strong Agree,Strong Agree,Agree,Agree,No,found bad code,Yes,it can't guarantee the safe,it can't extract the variable to class's property,no,ok
2023-11-20 ä¸__11:28:03,Agree,United States,Academic or industrial researcher,"Python, JavaScript",Educator,10 years or more,Neutral,Strong Agree,I don't Know,Strong Agree,Agree,I don't Know,I don't Know,I don't Know,I don't Know,Strong Agree,I don't Know,I don't Know,I don't Know,I don't Know,I don't Know,I don't Know,I don't Know,I don't Know,I don't Know,,Strong Agree,Strong Agree,Agree,Neutral,Neutral,I don't Know,I don't Know,I don't Know,I don't Know,I don't Know,Yes,,Yes,They are rarely useful to me.,,"I find their suggestions typically primitive and simple, things that would be easy to do by hand.","Sorry that I said ""I don't know"" for so many responses, but most of my coding work is not in DL, but in general data science or web software development."
2023-11-14 ä¸__04:25:49,Agree,Australia,Industrial or freelance professional,Python,Architect,2 to 3 years,Strong Agree,Strong Agree,Agree,Strong Agree,,Strong Agree,Agree,Agree,Strong Agree,Strong Agree,Strong Agree,I don't Know,Strong Agree,I don't Know,Strong Agree,Agree,I don't Know,Agree,Strong Agree,"Relocate - move code from one file to another, independently of moving it to another class. So similar to the defined Move operation, but this is more to do with the physical and relative location of code. Particularly of note when dealing with code that has a number of global variables or singleton usage (although that could be a code smell, a topic for another day)",Strong Agree,Agree,Strong Agree,Strong Agree,Strong Agree,Strong Agree,Neutral,Strong Agree,Agree,Strong Agree,Yes,"Like any code quality tool, sometimes you need to suppress the feedback and if the ability to filter out this feedback is too granular it leads to a lot of filler in your code, if it's to broad you may miss out on useful feedback",Yes,,"The python Rope library is where I have the most experience (outside of IDE tooling). I've found the docs to be somewhat lacking in ""how to"" guidance. I've had some success reviewing the unit tests and work out from that how to use specific functionality. Given the complexity of the domain having documentation that serves the purposes of being detailed and then (and perhaps seperate material) is able to concisely demonstrate how to achieve refactoring operations - is needed",Documentation and tutorials. Additionally having a consistent definition of operations,Thank you for reaching out. There's also an intersection of code generation and refactoring to be explored
2023-11-11 ä¸__10:10:10,Agree,United States,Academic or industrial researcher,Python,Military Chaplain?,0 to 1 year,Strong Agree,Strong Agree,Strong Agree,Strong Agree,Strong Agree,Strong Agree,Strong Agree,Strong Agree,Strong Agree,Strong Agree,I don't Know,I don't Know,I don't Know,I don't Know,I don't Know,I don't Know,I don't Know,Strongly Disagree,Strong Agree,Combine with Chomskyan Linguistics to provide access consciousness / remove subconscious,Neutral,Neutral,Neutral,Neutral,Neutral,Neutral,Neutral,Neutral,Neutral,Neutral,Yes,i love them and use them all the time,No,didn't know that was a thing,n/a,solve elk/mechinterp problem,thanks! good luck with your study!
2023-11-15 ä¸__06:32:24,Agree,India,Industrial or freelance professional,"Java, Python",Development,6 to 9 years,Agree,Agree,Agree,Disagree,Strong Agree,Agree,Agree,Neutral,Agree,Strong Agree,Agree,Agree,Neutral,Strong Agree,Agree,Strong Agree,Agree,Agree,Agree,Better testing with Mocks in Python using Parametrisation,Agree,Agree,Strong Agree,Strong Agree,Strong Agree,Neutral,Neutral,Agree,Agree,Strong Agree,Yes,,No,,Can introduce bugs or syntax issues,Use IDE like PyCharm,
2023-11-15 ä¸__06:00:18,Agree,Germany,Academic or industrial researcher,"Python, Rust",Algorithm/ML Model Design,2 to 3 years,Agree,Neutral,Agree,Strong Agree,Strong Agree,Agree,Neutral,Strong Agree,Agree,Strong Agree,Strong Agree,Strong Agree,Neutral,Agree,Disagree,Disagree,Agree,Agree,Agree,Physical modularisation (ie logical split into separate files),Agree,Neutral,Strong Agree,Agree,Strong Agree,Neutral,Disagree,Agree,Agree,Neutral,Yes,"Usually quite basic yet useful, ie duplicate or dead code detection",Yes,Very useful in 90% of cases within bigger and matured projects,"Some tools not efficiently show all the changes they are suggesting before application, which might lead to unforeseen changes or problems",,
2023-11-29 ä¸__04:27:07,Agree,Taiwan,Industrial or freelance professional,"C/C++, Python",Algorithm/ML Model Design,0 to 1 year,Strong Agree,Strongly Disagree,Neutral,Strong Agree,Strong Agree,Neutral,Strong Agree,Strong Agree,Neutral,Strong Agree,Strongly Disagree,Neutral,Strong Agree,Strong Agree,Neutral,Strong Agree,Strong Agree,Neutral,Strong Agree,,Neutral,Neutral,Strong Agree,Strong Agree,Neutral,Strongly Disagree,Strongly Disagree,Strong Agree,Strong Agree,Strongly Disagree,No,,No,,,,
2023-11-13 ä¸__04:06:47,Agree,Israel,Industrial or freelance professional,"Java, Python",Algorithm/ML Model Design,2 to 3 years,Agree,Neutral,Neutral,Strong Agree,Strong Agree,Neutral,Neutral,Agree,I don't Know,I don't Know,Agree,Agree,,Neutral,Neutral,Neutral,Strong Agree,Strong Agree,Agree,,Neutral,Neutral,Neutral,Agree,Strong Agree,Agree,Agree,Agree,Strong Agree,Strong Agree,Yes,"I use it, but the main problem with such tools is that they are not smart and only cover specific sets of use cases, being inflexible (though there are sometimes exceptions)",No,"I've heard about automatic refactoring tools, but I found that they don't perform operations very safely (such changes are not always irreversible, - let's imagine we made several commits after that, and found out that such took made a mistake that we missed, how to fix it?).",,"such tools are not sensitive to the project. let's imagine a tool, that takes into account project desicions , rules, conventions. moreover, tool that scans git history and ""understands"" such git changes that were specifically about refactorings. and let's imagine that such tool ""understands""  commands that are relevant to specific project in natural language format (""please do such refactoring: make separation of <this> module"" , etc.)",
2023-11-14 ä¸__04:28:22,Agree,Canada/Vancouver,Industrial or freelance professional,"Java, C/C++, Python, JavaScript, C#",Algorithm/ML Model Design,10 years or more,Agree,Agree,Strong Agree,Strong Agree,Agree,Agree,Strong Agree,Strong Agree,Agree,Strong Agree,Strong Agree,Agree,Agree,Agree,Agree,Strong Agree,Strong Agree,Strong Agree,Strong Agree,,Strong Agree,Agree,Strong Agree,Strong Agree,Agree,Strong Agree,Agree,Strong Agree,Agree,Agree,Yes,"There are metrics of code coverage, test coverage, complexity metrics.",No,,,Do it manually after inspecting the source code,
2023-11-13 ä¸__04:49:21,Agree,,Academic or industrial researcher,Python,Development,10 years or more,Agree,Neutral,Neutral,Strong Agree,Strong Agree,Disagree,Disagree,Neutral,Strong Agree,Agree,Strong Agree,Strong Agree,Strong Agree,Strong Agree,Disagree,Disagree,Agree,Neutral,Neutral,,Neutral,Agree,Agree,Strong Agree,Agree,Agree,Strong Agree,Strong Agree,Agree,Neutral,Yes,"I am using the default one in PyCharm. In some cases the corrections for Python may affect the actual launching of the code. For example, imports in unit tests may differ for cases when test is launched from shell, or from the IDE.",Yes,It is still necessary to check afterwards.,No,"If it is not already, then it is supposed to be not a partern-matching alike update, but a context-depended. The overall explanation provided alongside with the replacement might depend on the context, in which code-part is expected to be automatically refactored.",
2023-11-9 ä¸__07:53:12,Agree,Germany,Academic or industrial researcher,Python,Development,4 to 5 years,Agree,Agree,Agree,Agree,Agree,Neutral,Neutral,Agree,I don't Know,Strong Agree,Neutral,Strong Agree,Strong Agree,Strong Agree,Neutral,Neutral,Strong Agree,Neutral,Disagree,,Strong Agree,Disagree,Strong Agree,Strong Agree,Agree,Strong Agree,Disagree,Strong Agree,Strong Agree,Strong Agree,No,,No,,,No,
2023-11-12 ä¸__06:34:28,Agree,United kingdom,Industrial or freelance professional,Python,Development,2 to 3 years,Agree,Strong Agree,Strong Agree,Strong Agree,Strong Agree,Agree,Agree,Strong Agree,Strong Agree,Strong Agree,Neutral,Neutral,Neutral,Neutral,Neutral,Neutral,Neutral,Neutral,Neutral,,Strong Agree,Strong Agree,Strong Agree,Strong Agree,Strong Agree,Neutral,Neutral,Neutral,Neutral,Neutral,Yes,"They can be useful but are not always easy to set up. They usually aren't designed with ML projects in mind, and sometimes raise inappropriate warnings. For example an ML algorithm may have many hyperparameters, but a code smell detection tool will complain that a function shouldn't have so many arguments.",No,"I use auto formatting tools, but I haven't tried auto refactoring tools. I think auto refactoring tools would probably be annoying to use. I write my code deliberately and don't want it to be changed unexpectedly.",,,
2023-11-8 ä¸__12:39:04,Agree,China,Undergraduate/graduate student,"C/C++, Python",Algorithm/ML Model Design,2 to 3 years,Agree,Agree,Strong Agree,Strong Agree,Strong Agree,Neutral,Neutral,Strong Agree,Strong Agree,Agree,Strong Agree,Neutral,Strong Agree,Neutral,Neutral,Neutral,Strong Agree,Neutral,,making a function turned into a class,Agree,Disagree,Agree,Agree,Agree,Agree,Neutral,Agree,Agree,Agree,No,,Yes,"I have only used the functionalities in vscode, though they are stupid",,You should have a vscode plugin developed....,
2023-11-13 ä¸__08:51:08,Agree,Austria,Industrial or freelance professional,Python,Development,6 to 9 years,Agree,Agree,Agree,Agree,Agree,Agree,Agree,Strong Agree,Neutral,Strong Agree,Disagree,Disagree,Disagree,Disagree,Disagree,Disagree,Agree,Disagree,Neutral,,Agree,Agree,Agree,Agree,Agree,I don't Know,I don't Know,I don't Know,I don't Know,I don't Know,Yes,"ruff is good to detect generic code smells, torchfix sounds promising but is not usable in the current state.",No,Knowledge/recommendations about tools,,,
2023-11-13 ä¸__01:20:53,Agree,India,Industrial or freelance professional,Python,Development,0 to 1 year,Agree,Strong Agree,Neutral,Neutral,Agree,Neutral,Neutral,Agree,Agree,Strong Agree,Strong Agree,Agree,Neutral,Agree,Neutral,Neutral,Agree,Agree,Strong Agree,,Agree,Agree,Strong Agree,Strong Agree,Strong Agree,Agree,Agree,Strong Agree,Strong Agree,Strong Agree,Yes,Pycharm provides with some pep guidelines and code quality checker. They are good to maintain quality of code. ,No,"Pycharm has semi-automatic refactoring, that is it would show where there is a need of refactoring and the user has to confirm it.","No, I haven't come across these",I have not come across automatic refactoring tools,
2023-11-24 ä¸__11:16:01,Agree,United States,Industrial or freelance professional,Python,Development,10 years or more,Neutral,Neutral,Neutral,Strong Agree,Strong Agree,Neutral,Neutral,Strong Agree,Agree,Agree,Strong Agree,Neutral,Strong Agree,Strong Agree,Disagree,Disagree,Strong Agree,Neutral,Strong Agree,,Neutral,Agree,Strong Agree,Neutral,Strong Agree,Neutral,Disagree,Strong Agree,Strong Agree,Strong Agree,No,I don't understand what that means?  Is it coding style?  Lint-like?,No,Only used manual tools,"I don't trust that they are ""smart"" enough.",Lots of visual feedback on what they propose,
2023-11-9 ä¸__06:27:08,Agree,USA,Industrial or freelance professional,Python,Development,4 to 5 years,Strong Agree,Strong Agree,Strong Agree,Strong Agree,Agree,Strong Agree,Disagree,Agree,Strong Agree,,Strong Agree,Strong Agree,Strong Agree,Agree,Strong Agree,Disagree,Agree,Strong Agree,,,Strong Agree,Neutral,Strong Agree,Agree,Neutral,Strong Agree,Neutral,Strong Agree,Agree,Neutral,Yes,I like them,Yes,"Very useful for variable renaming or moving around methods, breaking out chunks into methods. Haven't done anything more complex with them, complex refactor I would rather do by hand (to trust that it 's done right, but also complex refactoring is done infrequently enough that it's not worth learning the tool)",,,
2023-11-13 ä¸__03:24:21,Agree,Switzerland,Academic or industrial researcher,"C/C++, Python",Algorithm/ML Model Design,6 to 9 years,Strong Agree,Strong Agree,Agree,Strong Agree,Strong Agree,Agree,Agree,Strong Agree,Agree,Agree,Strong Agree,Strong Agree,Strong Agree,Strong Agree,Neutral,Neutral,Strong Agree,Neutral,Neutral,,Strong Agree,Strong Agree,Strong Agree,Strong Agree,Strong Agree,Agree,Neutral,Strong Agree,Strong Agree,Agree,Yes,"To improve the code quality. Make the code easy for reuse, for understanding",Yes,They are more convenient than handcrafting.,"Yes. They are often not intelligent enough, sometimes leading to handcrafting.","It is very hard to say. AI aidded tool might be helpful, but again they can be problematic.",
2023-11-12 ä¸__05:25:58,Agree,Germany,Industrial or freelance professional,Python,Development,6 to 9 years,Strong Agree,Agree,Agree,Strong Agree,Agree,Neutral,Neutral,Strong Agree,Neutral,Strong Agree,Strong Agree,Strong Agree,Strong Agree,Neutral,Disagree,Disagree,Neutral,Neutral,Neutral,,Neutral,Neutral,Agree,Strong Agree,Strong Agree,Neutral,Neutral,Neutral,Strong Agree,Strong Agree,Yes,they are a means to an end,No,,,,
2023-11-13 ä¸__10:06:49,Agree,Korea/Seoul,Industrial or freelance professional,"Java, C/C++, Python, JavaScript",Architect,10 years or more,Neutral,Disagree,Disagree,Neutral,Neutral,Neutral,Neutral,Agree,Agree,Agree,Disagree,Disagree,Disagree,Disagree,Disagree,Disagree,Agree,Neutral,Agree,,Disagree,Disagree,Agree,Agree,Agree,Disagree,Disagree,Neutral,Neutral,Neutral,Yes,,Yes,,does not work as intended after automatic refactoring,,
2023-11-13 ä¸__02:34:58,Agree,USA,Industrial or freelance professional,"Python, JavaScript",Development,4 to 5 years,Strong Agree,Agree,Agree,Strong Agree,Strong Agree,Agree,Agree,Strong Agree,Strong Agree,Strong Agree,Agree,Agree,Agree,Agree,Agree,Agree,Agree,Strong Agree,Strong Agree,,Neutral,Neutral,Agree,Agree,Agree,Neutral,Neutral,Neutral,Agree,Agree,No,copilot,Yes,"tried chatgpt and copilot. Their suggestion is the right direction to go. However, one needs to test all the edge cases thoroughly. ",,It's easy to give suggestions based on a small fragment of code snippets. So far I haven't found a tool that reviews comprehensively and give out suggestions. ,
2023-11-14 ä¸__04:32:31,Agree,Australia,Industrial or freelance professional,Python,Algorithm/ML Model Design,4 to 5 years,Strong Agree,Strong Agree,Agree,Strong Agree,Strong Agree,Agree,Agree,Agree,Agree,Agree,Neutral,Neutral,Neutral,Neutral,Neutral,Neutral,Neutral,Neutral,Neutral,,Strong Agree,Strong Agree,Agree,Neutral,Neutral,Neutral,Neutral,Neutral,Neutral,Neutral,Yes,Have used in the past but Python is behind other languages I__e used in terms of tooling for smell/refactoring,No,,,,
2023-11-10 ä¸__11:19:16,Agree,India,Industrial or freelance professional,"Java, Python",Architect,4 to 5 years,Strong Agree,Strong Agree,Agree,Agree,Neutral,Disagree,Agree,Agree,Agree,Strong Agree,Agree,Agree,Neutral,Neutral,Disagree,Agree,Neutral,Disagree,Neutral,Code De-Duplication,Disagree,Disagree,Agree,Agree,Agree,Disagree,Disagree,Strong Agree,Agree,Neutral,Yes,These tools aid in first stage of identification of refactoring opportunities. They make life simple in code reviews with intuitive and detailed reporting.,Yes,Integrated automtic refactoring tools with IDEs comes handy to do small amount of refactoring.,Automatic refactoring tools can do small amount of refactoring for common patterns. However they lack holistic analysis of the code and thus leaving rest to manual refactoring.,The tools should provide customised suggestions on refactoring and demonstrate the potential value gain by adopting refactoring suggestions.,
2023-11-23 ä¸__05:38:04,Agree,"San Francisco, California, USA",Industrial or freelance professional,Python,Architect,6 to 9 years,Strong Agree,Strong Agree,Strong Agree,Strong Agree,Strong Agree,Strong Agree,Strong Agree,Strong Agree,Agree,Agree,Strong Agree,Strong Agree,Strong Agree,Strong Agree,Strong Agree,Strong Agree,Strong Agree,Agree,Agree,modify modules placement of classes and functions,Strong Agree,Strong Agree,Strong Agree,Strong Agree,Agree,Strong Agree,Strong Agree,Strong Agree,Agree,Agree,No,,Yes,the ranme and refactor capabilities in pycharm,,"for python specifically, at times strings and class names or strings and method names clash, also the registry pattern is ubuquitous and that makes a difference",
2023-11-13 ä¸__12:35:48,Agree,Netherlands,Industrial or freelance professional,Python,Development,2 to 3 years,Agree,Neutral,Agree,Agree,Agree,Agree,Disagree,Neutral,Neutral,Agree,Neutral,Agree,Agree,Agree,Disagree,Disagree,Neutral,Agree,Agree,Change method signature,Neutral,Agree,Agree,Strong Agree,Agree,Agree,Agree,Agree,Neutral,Disagree,Yes,They are often too pedantic and lack contextual information about the project structure,Yes,Helpful and easy to integrate in the development cycle,Ensure that the CI is configured with the same version of the tool used by the devs,"Reduce configuration variability, extend the documentation",
2023-11-10 ä¸__08:19:20,Agree,Croatia,Industrial or freelance professional,Python,Architect,6 to 9 years,Strong Agree,Strong Agree,Agree,Strong Agree,Strong Agree,Neutral,Neutral,Strong Agree,Agree,Strong Agree,Agree,Agree,Neutral,Neutral,Strongly Disagree,Strongly Disagree,Agree,Neutral,Agree,,Agree,Agree,Strong Agree,Strong Agree,Strong Agree,Strong Agree,Strong Agree,Strong Agree,Strong Agree,Strong Agree,No,Reading and understanding code is the best and most important prequisite for development and refactoring.,No,"I'm familiar with them and have used them (in limited capacity) in non-Python projects (Java, C++). Python is easy to refactor by and and using elementary text modification tools (search/replace).",I don't use them.,No suggestion.,
2023-11-13 ä¸__07:45:30,Agree,Germany,Academic or industrial researcher,"C/C++, Python",Algorithm/ML Model Design,4 to 5 years,Agree,Strong Agree,Strong Agree,Strong Agree,Strong Agree,Agree,Agree,Strong Agree,Strong Agree,Strong Agree,Agree,Agree,,Neutral,Neutral,Neutral,Agree,Neutral,Disagree,,Agree,Strong Agree,Strong Agree,Strong Agree,Strong Agree,Agree,Agree,Agree,Agree,Disagree,No,,No,,,"Idk, I think code quallity tools work good for Python code in general, however doesn't recognize DL patterns sometimes. I think industry needs DL and Torch focused refactoring toolls.",
2023-11-9 ä¸__05:17:42,Agree,Spain,Industrial or freelance professional,"Python, JavaScript",Chief technology officer,4 to 5 years,Agree,Agree,Agree,Strong Agree,Strong Agree,Agree,Agree,Strong Agree,Strong Agree,Strong Agree,Neutral,Neutral,Agree,Agree,Neutral,Agree,Agree,Agree,Neutral,Avoid duplicates,Agree,Agree,Strong Agree,Strong Agree,Strong Agree,Agree,Agree,Agree,Strong Agree,Agree,Yes,"They are very useful when finding duplications in the code, high cyclomatic complexity and help prioritize the order of refractorization",Yes,"They are useful, but they must be supported by automated testing to verify that once the changes are made everything still works.","No, over the years they have become very easy to use",,
2023-11-13 ä¸__01:38:43,Agree,Armenia,Academic or industrial researcher,Python,Algorithm/ML Model Design,2 to 3 years,Neutral,Neutral,Neutral,Neutral,Neutral,Neutral,Neutral,Strong Agree,Agree,Strong Agree,Agree,Disagree,Disagree,Disagree,Disagree,Disagree,Strong Agree,Neutral,Strong Agree,,Disagree,Disagree,Agree,Agree,Strong Agree,Neutral,Neutral,Neutral,Agree,Strong Agree,Yes,,No,,,,
2023-11-9 ä¸__12:30:02,Agree,Netherlands,Academic or industrial researcher,Python,PhD Student,2 to 3 years,Strong Agree,Agree,Agree,Strong Agree,Strong Agree,Agree,Agree,Agree,Strong Agree,Strong Agree,Neutral,Disagree,Agree,Neutral,Agree,Agree,Agree,Neutral,,,Neutral,Agree,Agree,Strong Agree,Strong Agree,Disagree,Disagree,Agree,Neutral,Agree,No,,Yes,"Ruff/pyupgrade also perform automatic refactoring for some simpler expressions. I find them effective for this purpose, too, and I never had problem with using them.",,,
2023-11-11 ä¸__06:19:26,Agree,India,Industrial or freelance professional,Python,Algorithm/ML Model Design,10 years or more,Strong Agree,Strong Agree,Strong Agree,Strong Agree,Strong Agree,Strong Agree,Strong Agree,Strong Agree,Strong Agree,Strong Agree,Neutral,Strong Agree,Strong Agree,Agree,Neutral,Neutral,Agree,Strong Agree,Strong Agree,,Agree,Neutral,Agree,Strong Agree,Strong Agree,Neutral,Agree,Strong Agree,Strong Agree,Strong Agree,Yes,"I have used, but not for my DL projects, rather in my corporate role. Linters do the job most of the time",No,"To really trust an automatic refactoring tool, you need to have a lot of trust in your test suite",NA,,
2023-11-12 ä¸__10:54:00,Agree,United States,Industrial or freelance professional,Python,Algorithm/ML Model Design,2 to 3 years,Strong Agree,Agree,Neutral,Neutral,Agree,Neutral,Neutral,Strong Agree,Agree,Strong Agree,Agree,Neutral,Neutral,Neutral,I don't Know,I don't Know,Strong Agree,Agree,Strong Agree,,Agree,Strong Agree,Agree,Neutral,Neutral,Neutral,Agree,Strong Agree,Agree,Strong Agree,Yes,"Sonarqube. I hate working with it. Such a clunky piece of software. I am much more a fan of linters like pylint and flake8, albeit they are sometimes not as feature complete for coding styles. ",Yes,Does ChatGPT count? I have had moderately good success refactoring code with a LLM and I expect to do it more often. ,"Yes, if the context window is not high enough my code could change. Also, sometimes I would like a test file to be used to validate that the automatic refactor hasn__ regressed, so you would need an agent on top of the LLM to actually validate these input and output files. I expect this to be solved soon. ","Yes, leaning in to explaining code design patterns more. ",
2023-11-14 ä¸__11:39:03,Agree,United States of America,Academic or industrial researcher,"Python, Rust",Development,4 to 5 years,Strong Agree,Agree,Agree,Strong Agree,Strong Agree,Strong Agree,Strong Agree,Strong Agree,Strong Agree,Strong Agree,Neutral,Agree,Agree,Agree,Neutral,Neutral,Neutral,Neutral,Disagree,Remove live but no longer supported code,Neutral,Neutral,Neutral,Neutral,Neutral,Strong Agree,Strong Agree,Strong Agree,Strong Agree,Strong Agree,Yes,They can be overzealous and unaware of expected threat vectors.,Yes,I don't want them to spontaneously break my code.,They can be opaque or misleading in their reasoning for refactoring.,"Make their actions more explainable (but then again, that's a pressing problem throughout ML applications).",
2023-11-11 ä¸__10:56:42,Agree,Slovakia,Industrial or freelance professional,Go,Development,10 years or more,Strong Agree,Agree,Agree,Agree,Agree,Agree,Agree,Agree,Agree,Strong Agree,I don't Know,I don't Know,I don't Know,I don't Know,I don't Know,I don't Know,I don't Know,I don't Know,I don't Know,Un/Break lines,Neutral,Neutral,Neutral,Neutral,Neutral,Agree,Agree,Agree,Agree,Agree,No,,No,,,,
2023-11-13 ä¸__11:03:44,Agree,United States of America,Undergraduate/graduate student,Python,Algorithm/ML Model Design,4 to 5 years,Strong Agree,Strong Agree,Agree,Strong Agree,Agree,Neutral,Neutral,Agree,Agree,Strong Agree,Agree,Disagree,Disagree,Agree,Disagree,Disagree,Neutral,Disagree,Disagree,,Agree,Strong Agree,Strong Agree,Agree,Neutral,Strong Agree,Strong Agree,Strong Agree,Neutral,Disagree,Yes,I have found them useful for detecting edge cases and code behavior I could not have anticipated beforehand.,Yes,"I have found them useful for web server development mainly, but not so much for deep learning development.","Yes, their accuracy is sometimes limited to simple web application programming.",I would recommend these tools be developed specifically with deep learning development in mind.,
2023-11-15 ä¸__05:07:33,Agree,United Kingdom,Undergraduate/graduate student,Python,Algorithm/ML Model Design,2 to 3 years,Strong Agree,Strong Agree,Strong Agree,Strong Agree,Strong Agree,Neutral,Neutral,Strong Agree,Strong Agree,Strong Agree,Strong Agree,Strong Agree,Strong Agree,Strong Agree,Neutral,Neutral,Agree,Agree,Agree,,Strong Agree,Strong Agree,Strong Agree,Strong Agree,Strong Agree,Strong Agree,Strong Agree,Strong Agree,Agree,Neutral,Yes,"I'm assuming this means linters, like Flake8? I use Flake8 for every project.",No,"I've never heard of these tool, what are some examples? I would try them if I knew they existed and worked well",,,
2023-11-13 ä¸__10:19:12,Agree,United Arab Emirates,Industrial or freelance professional,Python,Development,4 to 5 years,Agree,Agree,Agree,Agree,Agree,I don't Know,I don't Know,Strong Agree,Strong Agree,Agree,Neutral,Neutral,Neutral,Agree,Agree,Agree,Strong Agree,Strong Agree,Strong Agree,,Agree,Agree,Strong Agree,Strong Agree,Strong Agree,Agree,Agree,Agree,Agree,Agree,No,,No,,Most of the times these tools refactor code in a way such that my longer tests fail and hence I have to fix time add noqa in python code. But easy fixes .,,
2023-11-10 ä¸__09:44:33,Agree,Brazil,Industrial or freelance professional,Go,Development,10 years or more,Agree,Agree,Strong Agree,Strong Agree,Strong Agree,Agree,Agree,Disagree,Neutral,Strong Agree,Strong Agree,Strong Agree,Strong Agree,Strong Agree,Agree,Agree,Strongly Disagree,Neutral,Neutral,,Agree,Agree,Agree,Neutral,Disagree,Agree,Agree,Neutral,Neutral,Disagree,Yes,,Yes,"I just used native refactor from IDEs. Not bad, not great.",,,
2023-11-14 ä¸__05:23:15,Agree,China,Academic or industrial researcher,"C/C++, Python",Development,2 to 3 years,Strong Agree,Agree,Agree,Strong Agree,Strong Agree,Strong Agree,Strong Agree,Strong Agree,Strong Agree,Strong Agree,Agree,Agree,Agree,Agree,Strong Agree,Agree,Agree,Agree,Agree,easy to test,Agree,Agree,Strong Agree,Strong Agree,Agree,Agree,Agree,Agree,Agree,Agree,Yes,The suggestions are not very reliable yet,No,refactor the code accros the files in one project,,The ability to set template project structure,
2023-11-14 ä¸__02:24:37,Agree,,Undergraduate/graduate student,Python,Algorithm/ML Model Design,4 to 5 years,Neutral,Disagree,Neutral,Neutral,Agree,Agree,Neutral,Agree,Neutral,Agree,Strongly Disagree,I don't Know,Agree,Neutral,I don't Know,I don't Know,Disagree,I don't Know,Neutral,,Agree,Neutral,Agree,Agree,I don't Know,Neutral,Agree,Agree,Agree,Neutral,No,,No,,,,
2023-11-16 ä¸__02:08:17,Agree,United States,Industrial or freelance professional,"C/C++, Python",Algorithm/ML Model Design,2 to 3 years,Agree,Strong Agree,,Strong Agree,Strong Agree,Agree,Agree,Strong Agree,Strong Agree,Strong Agree,Strong Agree,Neutral,Strong Agree,Strong Agree,Neutral,Neutral,Strong Agree,Strong Agree,Strong Agree,,Strong Agree,Strong Agree,Strong Agree,Strong Agree,Strong Agree,Strong Agree,Strong Agree,Strong Agree,Strong Agree,Strong Agree,No,,Yes,Not the best way to refactor at the moment. Automatic ones are not very efficient because it still requires manual modifications in the end,,,
2023-11-15 ä¸__11:04:58,Agree,,Industrial or freelance professional,Python,Algorithm/ML Model Design,2 to 3 years,Agree,Neutral,Neutral,Neutral,Neutral,Agree,Agree,Strong Agree,Strong Agree,Strong Agree,Disagree,Disagree,Disagree,Disagree,Disagree,Disagree,Agree,Agree,Strong Agree,,Agree,Agree,Agree,Agree,Agree,Neutral,Neutral,Neutral,Neutral,Neutral,Yes,They are useful for optimization of the code and making it clean but can be annoying during debugging because we usually write some messy code just for testing and they can't really understand that it's just a temporary code for debugging purposes.,Yes,They can be very useful and can help us clean up our code.,Sometimes if the code is complicated then these tools can't help us refactor the code even if there's a better way to write the code.,Incorporation of more powerful AI would be very good in these tools. These tools should be able to understand multiple moving parts of complicated codebase and refactor them accordingly.,
2023-11-13 ä¸__06:13:10,Agree,Germany ,Academic or industrial researcher,Python,Algorithm/ML Model Design,2 to 3 years,Strong Agree,Agree,Strong Agree,Neutral,Strong Agree,Neutral,Neutral,Strong Agree,Agree,Agree,Strong Agree,Strong Agree,Neutral,Agree,I don't Know,I don't Know,Strong Agree,I don't Know,Disagree,Somewhat specific but: making tests run faster due to GitHub CIs taking too long. ,I don't Know,I don't Know,Agree,Agree,Agree,Disagree,I don't Know,Agree,Strong Agree,Strong Agree,Yes,"They are good but code smell is a bit too static and gives warnings where the code is ""smelling"" on purpose. ",Yes,Great but limited - integrations with Copilot would be great. ,,Sometimes I feel like a good tracker/overview of used variables and variables paths are missing. ,
2023-11-13 ä¸__07:30:22,Agree,USA,Undergraduate/graduate student,Python,Algorithm/ML Model Design,4 to 5 years,Strongly Disagree,Strong Agree,Strong Agree,Strong Agree,Strong Agree,Strong Agree,Strong Agree,Strong Agree,Strong Agree,Strong Agree,Agree,Strong Agree,Strong Agree,Strong Agree,Agree,Agree,Strong Agree,Strong Agree,Strong Agree,,Agree,Agree,Strong Agree,Strong Agree,Strong Agree,Strong Agree,Strong Agree,Strong Agree,Strong Agree,Strong Agree,Yes,code smell detection tool like Blackbox helps to avoid duplication and redundant codes,Yes,"makes you avoid basic common mistakes based on set rules by the programmer, I like it","Yes, sometimes it brakes the code when it tries to correct intentionally written code to something else",should offer detailed custom configuration to guide the tool's task,
2023-11-13 ä¸__05:43:27,Agree,Australia,Undergraduate/graduate student,"Java, Python, JavaScript",Algorithm/ML Model Design,4 to 5 years,Strong Agree,Strong Agree,Strong Agree,Strong Agree,Strong Agree,Strong Agree,Strong Agree,Strong Agree,Strong Agree,Strong Agree,Agree,Neutral,Neutral,Neutral,Neutral,Neutral,Disagree,Agree,Agree,,Strong Agree,Strong Agree,Strong Agree,Strong Agree,Strong Agree,Strong Agree,Neutral,Strong Agree,Agree,Agree,Yes,Useful,Yes,Useful and at the end we can have a clean code,no,no,
2023-11-13 ä¸__04:04:48,Agree,Canada,Industrial or freelance professional,Python,Algorithm/ML Model Design,4 to 5 years,Strong Agree,Strong Agree,Agree,Strong Agree,Strong Agree,Neutral,Neutral,Agree,Neutral,Neutral,Agree,Agree,Strong Agree,Neutral,Neutral,Neutral,Neutral,Neutral,Neutral,,Strong Agree,Neutral,Agree,Strong Agree,Strong Agree,Neutral,Neutral,Neutral,Neutral,Neutral,No,,No,,,,
2023-11-14 ä¸__11:46:20,Agree,Ukraine,Industrial or freelance professional,Python,Development,10 years or more,Strong Agree,Neutral,Agree,Neutral,Agree,Neutral,Neutral,Agree,Agree,Strong Agree,Neutral,Neutral,Neutral,Neutral,Neutral,Neutral,Neutral,Agree,Strong Agree,,Neutral,Agree,Strong Agree,Strong Agree,Strong Agree,Neutral,Neutral,Neutral,Neutral,Neutral,Yes,"overall useful, but false positives are really annoying",No,haven't run into one,,,
2023-11-10 ä¸__12:12:21,Agree,,Industrial or freelance professional,"Python, Go",Algorithm/ML Model Design,6 to 9 years,Agree,Disagree,Neutral,Strong Agree,Strong Agree,Agree,Disagree,Neutral,Agree,Agree,Neutral,Agree,Agree,Strong Agree,Neutral,Disagree,Neutral,I don't Know,Agree,,Neutral,Strong Agree,Agree,Agree,Strong Agree,Neutral,Agree,Agree,Strong Agree,Strong Agree,No,,Yes,,Can't locate the relevant used methods,Nope,
2023-11-13 ä¸__05:48:16,Agree,Greece,Undergraduate/graduate student,"C/C++, Python",Algorithm/ML Model Design,4 to 5 years,Neutral,Neutral,Neutral,Neutral,Neutral,Neutral,Neutral,Neutral,Neutral,Strong Agree,Neutral,Neutral,Neutral,Neutral,Neutral,Neutral,Neutral,Neutral,Neutral,,Neutral,Neutral,Agree,Strong Agree,Strong Agree,Neutral,Neutral,Neutral,Neutral,Neutral,No,,No,,,,
2023-11-14 ä¸__12:36:29,Agree,United States,Industrial or freelance professional,"C/C++, Python",Development,4 to 5 years,Agree,Agree,Agree,Agree,Agree,Agree,Agree,Agree,Agree,Agree,Agree,Agree,Agree,Agree,Agree,Agree,Agree,Agree,Agree,,Agree,Agree,Agree,Agree,Neutral,Agree,Agree,Agree,Neutral,Disagree,Yes,"I seldom use them. The reason is mostly lack of knowledge of which tools are well-regarded. I think my company and I might benefit from using them, actually.",Yes,It is handy to make changes like renaming or extracting a method into a one-click operation.,"I stick to simple tasks, so I rarely have issues with these tools.",Handling C++-Python FFI boundaries would be a huge benefit.,
2023-11-13 ä¸__04:11:57,Agree,Denmark,Academic or industrial researcher,Python,Algorithm/ML Model Design,10 years or more,Strong Agree,Agree,Neutral,Agree,Strong Agree,I don't Know,Neutral,Agree,Strong Agree,Strong Agree,Disagree,Disagree,Neutral,Agree,Neutral,Strongly Disagree,Agree,I don't Know,Strongly Disagree,,Disagree,Agree,Agree,Neutral,Disagree,Disagree,Agree,Agree,Agree,Agree,Yes,,No,,,,
2023-11-14 ä¸__06:14:45,Agree,China,Industrial or freelance professional,"C/C++, Python",Algorithm/ML Model Design,2 to 3 years,Agree,Agree,Agree,Agree,Agree,Agree,Agree,Disagree,Neutral,Strong Agree,Agree,Agree,Agree,Agree,Agree,Agree,Neutral,Neutral,Agree,,Strong Agree,Strong Agree,Strong Agree,Strong Agree,Strong Agree,Strong Agree,Strong Agree,Strong Agree,Strong Agree,Strong Agree,No,,No,,,,
2023-11-14 ä¸__11:40:26,Agree,US,Academic or industrial researcher,Python,Algorithm/ML Model Design,4 to 5 years,Strong Agree,Neutral,Neutral,Disagree,Strong Agree,Strongly Disagree,Agree,Strong Agree,Strong Agree,Strong Agree,Agree,Agree,Disagree,Agree,Strong Agree,Agree,Strong Agree,Strong Agree,Strong Agree,,Disagree,Neutral,Agree,Strong Agree,Strong Agree,Agree,Agree,Agree,Neutral,Disagree,No,,No,,,Write great test cases to ensure both codes operate similarly,
2023-11-14 ä¸__11:16:21,Agree,Malaysia,Industrial or freelance professional,Java,Development,4 to 5 years,Strong Agree,Agree,Agree,Strong Agree,Strong Agree,Neutral,Neutral,Neutral,Agree,Strong Agree,Agree,Disagree,Strong Agree,Strong Agree,Strongly Disagree,Strongly Disagree,Strongly Disagree,Neutral,Disagree,,Strong Agree,Strong Agree,Strong Agree,Strong Agree,Strong Agree,Disagree,Strong Agree,Strong Agree,Neutral,Disagree,Yes,They are very useful for detecting potential issues early,Yes,"I__e mostly used it for strongly typed languages (Java, TypeScript), which I didn__ face much challenges with since the tools were able to accurately detect usages. I would imagine it might be more challenging for loosely typed languages",No,More configurable so that they can also be applied to libraries and frameworks,
2023-11-10 ä¸__02:07:24,Agree,Chile,Undergraduate/graduate student,Python,Algorithm/ML Model Design,2 to 3 years,Strong Agree,Neutral,Agree,Strong Agree,Strong Agree,Neutral,Neutral,Agree,I don't Know,Agree,Neutral,Disagree,Disagree,Agree,Strongly Disagree,Strongly Disagree,I don't Know,I don't Know,I don't Know,,Neutral,Agree,Agree,Strong Agree,Strong Agree,Agree,Agree,Strong Agree,Strong Agree,Strong Agree,No,,Yes,"I have used some of IntelliJ, and I find them very good.",No,,
2023-11-8 ä¸__08:42:50,Agree,India,Industrial or freelance professional,Python,Algorithm/ML Model Design,4 to 5 years,Strong Agree,Strong Agree,Strong Agree,Strong Agree,Neutral,Agree,Neutral,Strong Agree,Strong Agree,Strong Agree,Strong Agree,Agree,Agree,Neutral,Strong Agree,Agree,Agree,Strong Agree,,,Neutral,Neutral,Strong Agree,Agree,Strong Agree,Neutral,Neutral,Agree,Agree,Agree,Yes,Use things like sonarcube but they seem to detect lot more false positives. Linting(like pyflake) and auto-refactor tools seem much more useful.,Yes,Find it very useful and have set it up to perfom on every save.,Generally long line breaks are bad. Needs human intervention often. Sometimes they end up creating lot less readable code. Strict formatting doesn't always result in readable code.,"Making it a bit more context aware, simple pattern matching to format is not always good. Essentially add intellisense like intelligence to refactoring tools",
2023-11-10 ä¸__10:22:43,Agree,Canada,Academic or industrial researcher,"C/C++, Python",Development,2 to 3 years,Agree,Agree,Neutral,Strong Agree,Strong Agree,Neutral,Neutral,Strong Agree,Neutral,Neutral,Neutral,Agree,Agree,Agree,Disagree,Disagree,Agree,Neutral,Neutral,,Neutral,Neutral,Agree,Strong Agree,Agree,Agree,Agree,Strong Agree,Neutral,Neutral,Yes,"autopep8, yapf, black",Yes,Github copilot,"not with tool, but with goal",simple to use,
2023-11-14 ä¸__04:58:13,Agree,United States,Industrial or freelance professional,"Java, Python, C#",Development,6 to 9 years,Strong Agree,Agree,Agree,Strong Agree,Agree,Agree,Neutral,Agree,Agree,Strong Agree,Neutral,Neutral,Agree,Disagree,Agree,Disagree,Strong Agree,Disagree,Agree,,Agree,Agree,Strong Agree,Strong Agree,Agree,Disagree,Disagree,Agree,Agree,Agree,Yes,IntelliJ for Java has many configurable code smells indicators that I find useful,No,Not aware of them ,"My main concern would be ease of setting them up. Also some open source projects are not well tested, which would give me concerns about the changes potentially breaking something. ",,
2023-11-14 ä¸__03:53:17,Agree,The Netherlands ,Academic or industrial researcher,Python,Algorithm/ML Model Design,10 years or more,Neutral,Strong Agree,Strongly Disagree,Strong Agree,Strong Agree,Strongly Disagree,Strongly Disagree,Neutral,Strongly Disagree,Strongly Disagree,I don't Know,I don't Know,I don't Know,I don't Know,I don't Know,I don't Know,Strongly Disagree,I don't Know,Disagree,Document publication outcomes in a notebook for reproducibility ,Strong Agree,Strong Agree,Strong Agree,Strongly Disagree,Agree,Strong Agree,Strong Agree,Agree,Strongly Disagree,Agree,No,"Time, knowledge ",Yes,,Options usually disappear easily when hovering the mouse wrong or poorly,,
2023-11-13 ä¸__02:38:51,Agree,Russia,Industrial or freelance professional,"C/C++, Python, JavaScript",Development,10 years or more,Agree,Agree,Neutral,Strong Agree,Strong Agree,Neutral,Neutral,Strong Agree,Agree,Strong Agree,Strong Agree,Strong Agree,Neutral,Neutral,Strongly Disagree,Strongly Disagree,Neutral,Neutral,Agree,Don't know what to add,Neutral,Neutral,Agree,Agree,Strong Agree,Strongly Disagree,Neutral,Agree,Agree,Neutral,Yes,,Yes,,,,
2023-11-13 ä¸__10:08:59,Agree,India,Undergraduate/graduate student,JavaScript,Development,0 to 1 year,Agree,Neutral,Strong Agree,Agree,Strong Agree,I don't Know,I don't Know,Agree,Strong Agree,Strong Agree,Disagree,Strong Agree,Strong Agree,Strong Agree,I don't Know,I don't Know,Strong Agree,Strong Agree,Disagree,Na,Neutral,Agree,Strong Agree,Strong Agree,Strong Agree,Disagree,Strong Agree,Strong Agree,Strong Agree,Strong Agree,Yes,,Yes,,,,
2023-11-11 ä¸__04:55:13,Agree,Spain,Industrial or freelance professional,Java,Project Manager,10 years or more,Strong Agree,Agree,Strong Agree,Strong Agree,Strong Agree,Strong Agree,Strong Agree,Strong Agree,Agree,Neutral,Neutral,Neutral,Neutral,Neutral,Neutral,Neutral,Neutral,Neutral,Neutral,rearchitecture,Agree,Agree,Strong Agree,Strong Agree,Strong Agree,Neutral,Neutral,Neutral,Neutral,Neutral,Yes,Too many false positives,No,,,,
2023-11-9 ä¸__02:43:32,Agree,The Netherlands,Industrial or freelance professional,Python,Algorithm/ML Model Design,6 to 9 years,Strong Agree,Agree,Agree,Neutral,Strong Agree,Agree,Neutral,Strong Agree,I don't Know,,Strong Agree,Agree,Strong Agree,Neutral,Agree,Neutral,Strong Agree,Agree,,Split into modules ,Neutral,Agree,Agree,Strong Agree,Strong Agree,Neutral,Agree,Strong Agree,Agree,Strong Agree,No,"Use mypy for typing issues, too much errors that are bot that important",Yes,"i don't like autoformatters like black, because their style do not aligh with my sense of beauty",,Make it adjust to user preferences,
2023-11-12 ä¸__12:06:44,Agree,Switzerland,Industrial or freelance professional,Python,Development,2 to 3 years,Agree,Agree,Agree,Agree,Agree,Neutral,Disagree,Neutral,Agree,Strong Agree,Agree,Neutral,Disagree,Disagree,Disagree,Disagree,Disagree,Disagree,Neutral,Switching from inheritance to composition when appropriate,Strong Agree,Agree,Strong Agree,Strong Agree,Agree,Disagree,Disagree,Agree,Agree,Neutral,No,,No,,,,
2023-11-8 ä¸__04:15:05,Agree,france,Industrial or freelance professional,Python,Algorithm/ML Model Design,4 to 5 years,Strong Agree,I don't Know,Strong Agree,Strong Agree,Strong Agree,Strong Agree,Strong Agree,Neutral,Strong Agree,Strong Agree,Strong Agree,Strong Agree,Strong Agree,Strong Agree,Strong Agree,Strong Agree,Agree,Strong Agree,,upgrading packages,Strong Agree,Strong Agree,Agree,Agree,Agree,Strong Agree,Strong Agree,Agree,Strong Agree,Strong Agree,Yes,,No,,,,
2023-11-8 ä¸__06:28:36,Agree,India,Undergraduate/graduate student,Python,Algorithm/ML Model Design,2 to 3 years,Agree,Neutral,Neutral,Strong Agree,Strong Agree,Disagree,Disagree,Strong Agree,Strong Agree,Strong Agree,Neutral,Neutral,Strong Agree,Strong Agree,Disagree,Disagree,Strong Agree,Strong Agree,,,Neutral,Agree,Agree,Neutral,Neutral,Neutral,Neutral,Agree,Agree,Agree,No,,No,,,,
2023-11-11 ä¸__02:33:51,Agree,United States,Undergraduate/graduate student,"Java, Python",Algorithm/ML Model Design,2 to 3 years,Agree,Strong Agree,Strong Agree,Strong Agree,Neutral,Agree,Neutral,Agree,Agree,Agree,Strong Agree,Strong Agree,Strong Agree,Neutral,Agree,Neutral,Agree,Agree,Agree,,Strong Agree,Agree,Strong Agree,Agree,Neutral,Strong Agree,Neutral,Strong Agree,Agree,Neutral,No,,No,,,,
2023-11-13 ä¸__06:58:44,Agree,Vietnam,Undergraduate/graduate student,Python,Algorithm/ML Model Design,2 to 3 years,Agree,Agree,Agree,Agree,Agree,Neutral,Neutral,Neutral,Neutral,Strong Agree,Agree,Agree,Agree,Neutral,Neutral,Neutral,Neutral,Neutral,Strong Agree,,Neutral,Agree,Strong Agree,Agree,Agree,Neutral,Neutral,Neutral,Strong Agree,Strong Agree,No,,No,,,,
2023-11-9 ä¸__05:01:14,Agree,UK,Undergraduate/graduate student,Python,Algorithm/ML Model Design,4 to 5 years,Agree,Agree,Agree,Agree,Agree,I don't Know,I don't Know,Agree,Agree,Agree,Disagree,Disagree,Disagree,Disagree,Disagree,Disagree,Disagree,Disagree,Disagree,,Agree,Agree,Agree,Agree,Agree,Disagree,Disagree,Disagree,Disagree,Disagree,Yes,,Yes,,,,
2023-11-11 ä¸__02:43:36,Agree,China,Undergraduate/graduate student,Python,Algorithm/ML Model Design,6 to 9 years,Agree,Neutral,Neutral,Agree,Agree,Agree,Agree,Strong Agree,Agree,Strong Agree,Disagree,Disagree,Disagree,Disagree,Disagree,Disagree,Disagree,Disagree,Disagree,,Neutral,Agree,Agree,Agree,Agree,Agree,Neutral,Disagree,Disagree,Disagree,No,,No,,,,
2023-11-16 ä¸__03:08:20,Agree,United States of America,Undergraduate/graduate student,Python,Algorithm/ML Model Design,2 to 3 years,Strong Agree,Strong Agree,Strong Agree,Strong Agree,Agree,Neutral,Neutral,Strong Agree,Strong Agree,Strong Agree,Strong Agree,Strong Agree,Strong Agree,Strong Agree,Neutral,Neutral,Strong Agree,Strong Agree,Strong Agree,,Strong Agree,Strong Agree,Strong Agree,Strong Agree,Strong Agree,Strong Agree,Strong Agree,Strong Agree,Strong Agree,Strong Agree,No,,Yes,,,,
2023-11-9 ä¸__02:20:23,Agree,USA,Undergraduate/graduate student,Python,Algorithm/ML Model Design,4 to 5 years,Strong Agree,Agree,Agree,Strong Agree,Agree,Neutral,Neutral,Strong Agree,Strong Agree,Strong Agree,Strong Agree,Agree,Strong Agree,Agree,Neutral,Neutral,Strong Agree,Agree,,,Strong Agree,Strong Agree,Strong Agree,Strong Agree,Strong Agree,Strong Agree,Strong Agree,Strong Agree,Strong Agree,Agree,No,Unaware of this type of tool,Yes,,,https://arxiv.org/abs/2310.19791,
2023-11-13 ä¸__12:05:04,Agree,United States of America,Industrial or freelance professional,"Python, R",Algorithm/ML Model Design,10 years or more,Agree,Agree,Agree,Agree,Agree,Agree,Agree,Agree,Agree,Strong Agree,Agree,Agree,Neutral,Agree,Disagree,Disagree,Disagree,Strongly Disagree,Strongly Disagree,,Strong Agree,Agree,Strong Agree,Neutral,Agree,Strong Agree,Agree,Neutral,Neutral,Neutral,No,,No,,,,
2023-11-15 ä¸__10:09:05,Agree,Germany,Industrial or freelance professional,Python,Algorithm/ML Model Design,2 to 3 years,Agree,Agree,Agree,,,,,,,,,,,,,,,,,,,,,,,,,,,,No,,Yes,,,,
2023-11-13 ä¸__01:01:06,Agree,Tokyo,Industrial or freelance professional,Python,Algorithm/ML Model Design,4 to 5 years,Agree,Agree,Agree,Agree,Agree,Agree,Agree,Strong Agree,Strong Agree,Strong Agree,Neutral,Neutral,Agree,Agree,Neutral,Agree,Strong Agree,Neutral,Disagree,,Agree,Strong Agree,Strong Agree,Agree,Agree,Neutral,Neutral,Neutral,Disagree,Neutral,No,Low priority,Yes,Good to use,,,
2023-11-15 ä¸__03:02:25,Agree,United States of America,Industrial or freelance professional,Python,Algorithm/ML Model Design,4 to 5 years,Agree,Agree,Neutral,Neutral,Neutral,Agree,Agree,Strong Agree,I don't Know,Strong Agree,Agree,Agree,Agree,I don't Know,I don't Know,I don't Know,Agree,Agree,Neutral,,Agree,Agree,Strong Agree,Strong Agree,Strong Agree,Strong Agree,Strong Agree,Strong Agree,Strong Agree,Strong Agree,No,,No,,,,
2023-11-10 ä¸__04:14:08,Agree,Europe,Industrial or freelance professional,Python,Algorithm/ML Model Design,6 to 9 years,Agree,Agree,Agree,Strong Agree,Strong Agree,Neutral,Neutral,Strong Agree,Agree,Strong Agree,Disagree,Disagree,Neutral,Disagree,Disagree,Strongly Disagree,Agree,Strongly Disagree,Disagree,,Agree,Agree,Agree,Neutral,Neutral,Agree,Agree,Neutral,Disagree,Strongly Disagree,Yes,,Yes,,,,
2023-11-12 ä¸__05:07:06,Agree,United States ,Industrial or freelance professional,Python,Algorithm/ML Model Design,2 to 3 years,Neutral,Agree,Neutral,Agree,Neutral,Neutral,Agree,Agree,Agree,Agree,Disagree,Agree,Strong Agree,Strong Agree,Agree,Agree,Agree,Agree,Neutral,,Neutral,Agree,Agree,Agree,Agree,Agree,Agree,Agree,Agree,Neutral,Yes,,Yes,,,,
2023-11-11 ä¸__09:54:17,Agree,India,Industrial or freelance professional,Python,Algorithm/ML Model Design,0 to 1 year,Strong Agree,Strong Agree,Agree,Agree,Agree,Strong Agree,Strong Agree,Strong Agree,Strong Agree,Strong Agree,Strong Agree,Strong Agree,Strong Agree,Strong Agree,Strong Agree,Strong Agree,Agree,Strong Agree,Strong Agree,,Agree,Agree,Strong Agree,Strong Agree,Strong Agree,Strong Agree,Strong Agree,Strong Agree,Strong Agree,Strong Agree,Yes,"I have used several at times and when in crisis they are really helpful. But in order to learn to practice the best way of coding and refactoring, I try to not use them initially. I do however initiate them when finally merging the PR.",Yes,,,,
2023-11-10 ä¸__09:48:00,Agree,France,Industrial or freelance professional,Python,Algorithm/ML Model Design,2 to 3 years,Strong Agree,Neutral,Agree,Strong Agree,Strong Agree,Neutral,Agree,Strong Agree,Agree,Strong Agree,Agree,Agree,Disagree,Disagree,Neutral,Neutral,Strong Agree,Neutral,Strongly Disagree,,I don't Know,I don't Know,Strong Agree,Agree,Agree,I don't Know,I don't Know,Agree,Agree,Agree,No,,No,,,,
2023-11-13 ä¸__05:20:11,Agree,USA,Industrial or freelance professional,"C/C++, Python",Algorithm/ML Model Design,2 to 3 years,Strong Agree,Disagree,Strong Agree,Strong Agree,Strong Agree,Strong Agree,Strong Agree,Strong Agree,Strong Agree,Strong Agree,Disagree,Disagree,Disagree,Disagree,Disagree,Disagree,Disagree,Disagree,Strong Agree,,Strong Agree,Strong Agree,Strong Agree,Strong Agree,Disagree,Strong Agree,Strong Agree,Strong Agree,Strong Agree,Strong Agree,Yes,,No,,,,
2023-11-14 ä¸__03:45:48,Agree,Canada,Industrial or freelance professional,Python,Algorithm/ML Model Design,2 to 3 years,Strong Agree,Strong Agree,Strong Agree,Strong Agree,Strong Agree,Strong Agree,Strong Agree,I don't Know,I don't Know,Strong Agree,Strong Agree,Strong Agree,Disagree,Disagree,Disagree,Disagree,Disagree,Disagree,Disagree,,I don't Know,I don't Know,I don't Know,I don't Know,I don't Know,Strong Agree,I don't Know,I don't Know,I don't Know,I don't Know,Yes,"ruff has been helpful, pylint is too hard to configure and anything more complex is too annoying",No,,,,
2023-11-13 ä¸__08:20:17,Agree,China,Industrial or freelance professional,"C/C++, Python",Algorithm/ML Model Design,4 to 5 years,Strong Agree,Agree,Agree,Strong Agree,Strong Agree,Agree,Agree,Agree,Agree,Strong Agree,Neutral,Neutral,Strong Agree,Strong Agree,Neutral,Agree,Agree,Strong Agree,Strong Agree,,Neutral,Agree,Agree,Agree,Agree,Agree,Strong Agree,Strong Agree,Agree,Neutral,No,,Yes,,,,
2023-11-16 ä¸__05:40:56,Agree,USA,Industrial or freelance professional,"C/C++, Python, Rust",Algorithm/ML Model Design,4 to 5 years,Strong Agree,Strong Agree,Strong Agree,Strong Agree,Strong Agree,Strong Agree,Strong Agree,Strong Agree,Strong Agree,Strong Agree,Agree,Agree,Agree,Agree,I don't Know,I don't Know,Agree,I don't Know,Neutral,,Strong Agree,Strong Agree,Strong Agree,Strong Agree,I don't Know,Strong Agree,Neutral,Neutral,Neutral,Disagree,Yes,great,Yes,,,,
2023-11-14 ä¸__04:00:29,Agree,,Industrial or freelance professional,Python,Algorithm/ML Model Design,6 to 9 years,Strong Agree,Agree,Agree,Agree,Strong Agree,I don't Know,I don't Know,Strong Agree,Agree,Strong Agree,Strongly Disagree,Strongly Disagree,Strongly Disagree,Neutral,I don't Know,I don't Know,Agree,Strongly Disagree,Agree,,Agree,Strong Agree,Strong Agree,Strong Agree,Strong Agree,Strongly Disagree,Strongly Disagree,Strongly Disagree,Strongly Disagree,Neutral,No,,Yes,,,,
2023-12-5 ä¸__03:09:59,Agree,Beijing,Industrial or freelance professional,Python,Algorithm/ML Model Design,4 to 5 years,Strong Agree,Strong Agree,Disagree,Strong Agree,Disagree,Agree,Agree,Strong Agree,Strong Agree,Strong Agree,Strong Agree,Neutral,Neutral,Neutral,Neutral,Neutral,Strong Agree,Strong Agree,Strong Agree,,Neutral,Neutral,Strong Agree,Strong Agree,Strong Agree,Neutral,Agree,Strong Agree,Agree,Agree,Yes,Pylance,No,,,,
2023-11-12 ä¸__01:21:54,Agree,Europe,Academic or industrial researcher,Python,Algorithm/ML Model Design,2 to 3 years,Agree,Agree,Neutral,Agree,Strong Agree,Neutral,Neutral,Agree,Agree,Strong Agree,Strong Agree,Agree,Strong Agree,Agree,Agree,Agree,Neutral,Agree,Strong Agree,,Agree,Agree,Agree,Agree,Agree,Agree,Agree,Agree,Agree,Agree,No,,No,,,,
2023-11-15 ä¸__07:42:41,Agree,Germany,Academic or industrial researcher,Python,Algorithm/ML Model Design,2 to 3 years,Agree,Neutral,Agree,Disagree,Agree,Agree,Agree,Agree,Agree,Strong Agree,Disagree,Agree,Agree,Agree,Agree,Agree,Agree,Strong Agree,Strong Agree,,I don't Know,I don't Know,I don't Know,I don't Know,I don't Know,I don't Know,I don't Know,I don't Know,I don't Know,I don't Know,Yes,,No,,,,
2023-11-13 ä¸__08:20:18,Agree,Spain,Academic or industrial researcher,Python,Algorithm/ML Model Design,4 to 5 years,Agree,Agree,Agree,Agree,Agree,Agree,Agree,Agree,Neutral,Agree,Agree,Agree,Neutral,Neutral,Neutral,Neutral,Agree,Neutral,Agree,,Agree,Agree,Agree,Agree,Agree,Agree,Agree,Agree,Agree,Agree,No,,No,,,,
2023-11-14 ä¸__12:43:11,Agree,USA,Academic or industrial researcher,Python,Algorithm/ML Model Design,4 to 5 years,Agree,Agree,Agree,Strong Agree,Agree,Strong Agree,Agree,Strong Agree,Neutral,Agree,Agree,Agree,Agree,Neutral,Neutral,Agree,Agree,Agree,Neutral,,Neutral,Agree,Agree,Strong Agree,Agree,Agree,Agree,Strong Agree,Agree,Agree,No,,Yes,,,,
2023-11-14 ä¸__08:29:36,Agree,Japan,Academic or industrial researcher,Python,Algorithm/ML Model Design,4 to 5 years,Agree,Agree,Agree,Disagree,Agree,Strong Agree,Neutral,Agree,I don't Know,Strong Agree,Agree,Agree,Disagree,Strong Agree,Strong Agree,Agree,I don't Know,I don't Know,Strong Agree,,Neutral,Neutral,Neutral,Strong Agree,Strong Agree,Neutral,Neutral,Agree,Agree,Agree,No,,No,,,,
2023-11-11 ä¸__04:17:34,Agree,Copenhagen,Academic or industrial researcher,"C/C++, Python",Algorithm/ML Model Design,6 to 9 years,Agree,Agree,Neutral,Strong Agree,Agree,Neutral,Neutral,Agree,Agree,Agree,Strongly Disagree,Strongly Disagree,Strongly Disagree,Strongly Disagree,Strongly Disagree,Strongly Disagree,Strongly Disagree,Strongly Disagree,Strongly Disagree,,Agree,Agree,Agree,Agree,Agree,Disagree,Disagree,Disagree,Disagree,Disagree,No,Better off myself,Yes,Black and extansions ont-op,,,
2023-11-12 ä¸__03:54:57,Agree,china,Academic or industrial researcher,Python,Algorithm/ML Model Design,6 to 9 years,Agree,Strong Agree,Strong Agree,Strong Agree,Strong Agree,Strong Agree,Strong Agree,Strong Agree,Strong Agree,Strong Agree,Strong Agree,Strong Agree,Strong Agree,Strong Agree,Strong Agree,Strong Agree,Strong Agree,Strong Agree,Strong Agree,,Agree,Agree,Agree,Agree,Agree,Strong Agree,Strong Agree,Strong Agree,Strong Agree,Strong Agree,,,No,,,,
2023-11-13 ä¸__11:07:51,Agree,USA,Academic or industrial researcher,"C/C++, Python",Algorithm/ML Model Design,6 to 9 years,Agree,Neutral,Agree,Agree,Agree,Agree,Agree,Agree,Agree,Strong Agree,Neutral,Neutral,Neutral,Neutral,Neutral,Neutral,Neutral,Neutral,Neutral,,Neutral,Neutral,Agree,Agree,Agree,Neutral,Neutral,Neutral,Neutral,Neutral,No,,No,,,,
2023-11-14 ä¸__04:13:40,Agree,Brazil,Academic or industrial researcher,Python,Algorithm/ML Model Design,6 to 9 years,Agree,Agree,Agree,Agree,Strong Agree,Disagree,Agree,Agree,Disagree,Agree,Agree,Agree,Agree,Strong Agree,Disagree,Agree,Agree,Disagree,Agree,,Agree,Agree,Strong Agree,Neutral,Strongly Disagree,Strong Agree,Agree,Strong Agree,Agree,Disagree,Yes,They are built for only traditional software eng,No,,,,
2023-11-14 ä¸__10:37:33,Agree,USA,Academic or industrial researcher,"C/C++, Python",Algorithm/ML Model Design,6 to 9 years,Agree,Agree,Agree,Agree,Agree,Agree,Agree,Agree,Agree,Agree,Agree,Agree,Agree,Agree,Agree,Agree,Agree,Agree,Agree,,Agree,Agree,Agree,Agree,Agree,Agree,Agree,Agree,Agree,Agree,No,,No,,,,
2023-11-14 ä¸__12:03:01,Agree,USA,Academic or industrial researcher,Python,Algorithm/ML Model Design,2 to 3 years,Neutral,Neutral,Neutral,Neutral,Neutral,Neutral,Neutral,Neutral,Neutral,Agree,Agree,Disagree,Disagree,Disagree,Disagree,Disagree,Neutral,Disagree,Disagree,,Agree,Disagree,Strong Agree,Agree,Neutral,Neutral,Strong Agree,Strong Agree,Agree,Neutral,No,,No,,,,
2023-11-11 ä¸__07:35:36,Agree,France,Academic or industrial researcher,"Python, Rust",Algorithm/ML Model Design,4 to 5 years,Neutral,Strong Agree,Neutral,Agree,Neutral,Agree,Strong Agree,Neutral,Agree,Agree,Strong Agree,Agree,Agree,Agree,Neutral,Agree,Neutral,Neutral,Neutral,,Agree,Agree,Strong Agree,Strong Agree,Strong Agree,Strong Agree,Strong Agree,Strong Agree,Neutral,Neutral,Yes,"Pre-commit, linter",No,,,,
2023-11-14 ä¸__11:00:13,Agree,Bosnia and Herzegovina ,Academic or industrial researcher,"Java, Python",Algorithm/ML Model Design,10 years or more,Strong Agree,Strong Agree,Strong Agree,Strong Agree,Disagree,Neutral,Agree,Strong Agree,Disagree,Strong Agree,Agree,Agree,Agree,Agree,Disagree,Agree,Neutral,Agree,Agree,,Strong Agree,Strong Agree,Strong Agree,Strong Agree,Strong Agree,Neutral,Neutral,Neutral,Agree,Agree,No,,No,,,,
2023-11-12 ä¸__08:46:58,Agree,US,Academic or industrial researcher,"C/C++, Python",Algorithm/ML Model Design,4 to 5 years,Strong Agree,Agree,Disagree,Agree,Agree,Neutral,Neutral,Strong Agree,Agree,Strong Agree,I don't Know,I don't Know,I don't Know,I don't Know,I don't Know,I don't Know,I don't Know,I don't Know,I don't Know,,Agree,Agree,Strong Agree,Strong Agree,Strong Agree,I don't Know,I don't Know,I don't Know,I don't Know,I don't Know,Yes,,No,,,,
2023-11-20 ä¸__03:06:53,Agree,India,Academic or industrial researcher,Python,Algorithm/ML Model Design,4 to 5 years,Strong Agree,I don't Know,Neutral,Strong Agree,Strong Agree,Agree,Agree,Strong Agree,Agree,Agree,Neutral,Neutral,Agree,Neutral,Agree,Agree,Agree,Disagree,Disagree,,Agree,Agree,Strong Agree,Strong Agree,Strong Agree,Disagree,Disagree,Disagree,Neutral,Neutral,No,,Yes,,,,
2023-11-13 ä¸__06:43:40,Agree,Australia,Academic or industrial researcher,Python,Algorithm/ML Model Design,6 to 9 years,Strong Agree,Neutral,Neutral,Agree,Agree,Agree,Neutral,Strong Agree,Neutral,Agree,Neutral,Neutral,Neutral,Neutral,Agree,Neutral,Disagree,Neutral,Disagree,,Neutral,Neutral,Agree,Agree,Agree,Neutral,Neutral,Disagree,Disagree,Disagree,No,,No,,,,
2023-11-13 ä¸__04:15:37,Agree,India,Industrial or freelance professional,"Python, SQL",Architect,10 years or more,Neutral,Neutral,Neutral,Neutral,Neutral,Neutral,Neutral,Agree,Neutral,Agree,Disagree,Neutral,Neutral,Neutral,Neutral,Neutral,Agree,Neutral,Neutral,,Agree,Agree,Agree,Agree,Agree,Neutral,Neutral,Agree,Neutral,Neutral,No,,No,,,,
2023-11-13 ä¸__12:18:25,Agree,India,Industrial or freelance professional,"Java, Python",Architect,4 to 5 years,Strong Agree,Agree,Agree,Agree,Neutral,Agree,Neutral,Disagree,Agree,Strong Agree,Agree,Agree,I don't Know,I don't Know,I don't Know,I don't Know,Strongly Disagree,Agree,Neutral,,Agree,Agree,Agree,Agree,Agree,Agree,Agree,Agree,Agree,Agree,Yes,it is good.,No,,,,
2023-11-10 ä¸__12:16:38,Agree,Butan ,Academic or industrial researcher,"Java, C/C++, Python, JavaScript, C#",Architect,10 years or more,Strongly Disagree,Agree,Strongly Disagree,Agree,Strongly Disagree,Agree,Strongly Disagree,Agree,Strongly Disagree,,Agree,Agree,Neutral,Disagree,Strongly Disagree,Disagree,Neutral,Agree,Strongly Disagree,,Neutral,Neutral,Strongly Disagree,,Neutral,Neutral,Neutral,Strongly Disagree,Strongly Disagree,Disagree,Yes,Useless but very impressive ,Yes,So so,Sure,,
2023-11-17 ä¸__03:41:45,Agree,,Academic or industrial researcher,"Python, Go",Architect,6 to 9 years,Agree,Strong Agree,Strong Agree,Agree,Agree,Neutral,Strong Agree,Strong Agree,Strong Agree,Strong Agree,Agree,Agree,Agree,Agree,Neutral,Strong Agree,Strong Agree,Strong Agree,Strong Agree,,Strong Agree,Strong Agree,Strong Agree,Strong Agree,Strong Agree,Strong Agree,Strong Agree,Strong Agree,Strong Agree,Strong Agree,Yes,Code smell detection tools are excellent in making sure consistent code is built by a team,No,,,,
2023-11-9 ä¸__06:50:23,Agree,Brazil,Academic or industrial researcher,Python,Architect,10 years or more,Strong Agree,Strong Agree,Agree,Strong Agree,Strong Agree,Strong Agree,Strong Agree,Agree,Neutral,Strong Agree,Strong Agree,Neutral,Strong Agree,Agree,Neutral,Neutral,Agree,Neutral,Strong Agree,,Neutral,Neutral,Strong Agree,Strong Agree,Strong Agree,Strong Agree,Strong Agree,Agree,Agree,Agree,Yes,Sometimes they can be too opinionated,No,,,,
2023-11-8 ä¸__04:31:49,Agree,Europe,Academic or industrial researcher,Python,Assistant professor ,2 to 3 years,Strong Agree,Agree,Agree,Strong Agree,Strong Agree,Agree,Agree,Strong Agree,I don't Know,,Neutral,Agree,Neutral,Agree,I don't Know,I don't Know,Agree,I don't Know,,,Strong Agree,Agree,Strong Agree,Strong Agree,Strong Agree,Agree,Agree,Strong Agree,Strong Agree,Strong Agree,Yes,Useful but sometimes they have false positives,Yes,PyCharm IDE,"Sometimes wrong refactoring, takes longer to fix",,
2023-11-12 ä¸__10:57:56,Agree,United Kingdom ,Academic or industrial researcher,"Python, Golang",Cyber Defender,4 to 5 years,Strong Agree,Neutral,Neutral,Neutral,Neutral,Disagree,Disagree,Neutral,Neutral,Neutral,Neutral,Neutral,Neutral,Neutral,Strongly Disagree,Strongly Disagree,Disagree,Disagree,Strongly Disagree,,Disagree,Disagree,Neutral,Neutral,Neutral,Strongly Disagree,Strongly Disagree,Neutral,Disagree,Neutral,No,,No,,,,
2023-11-14 ä¸__06:15:12,Agree,Brazil,Industrial or freelance professional,Python,Data Scientist,2 to 3 years,Strong Agree,Strong Agree,Strong Agree,Strong Agree,Strong Agree,Neutral,Neutral,Strong Agree,Strong Agree,Strong Agree,Agree,Agree,Agree,Agree,Neutral,Neutral,Agree,Agree,Agree,,Agree,Agree,Strong Agree,Agree,Agree,Agree,Agree,Agree,Strong Agree,Agree,Yes,,Yes,,Not always possible to use e.g. in Jupyter Notebooks,,
2023-11-13 ä¸__04:01:16,Agree,India,Undergraduate/graduate student,"Python, Julia",Development,2 to 3 years,Strongly Disagree,Disagree,Agree,Strong Agree,Strong Agree,Agree,Agree,Agree,Strong Agree,Strong Agree,Agree,Neutral,Agree,Agree,Neutral,Neutral,Strong Agree,Strong Agree,Strong Agree,,Neutral,Strong Agree,Strong Agree,Strong Agree,Strong Agree,Neutral,Agree,Strong Agree,Strong Agree,Strong Agree,Yes,They are super good and usually easy to use. I use them in all of my projects and the Open_source libraries that I maintain.,Yes,They are super good and usually easy to use. I use them in all of my projects and the Open_source libraries that I maintain.,Speed and customisability are the major issues.,"They should be written in compiled languages, like ruff, and not like black.",
2023-11-16 ä¸__07:00:59,Agree,India,Undergraduate/graduate student,"C/C++, Python",Development,0 to 1 year,Agree,Neutral,Disagree,Agree,Agree,Agree,Agree,Agree,Neutral,Neutral,Neutral,Agree,Agree,Agree,Agree,Agree,Strong Agree,Agree,Agree,,Neutral,Neutral,Agree,Agree,Strong Agree,Neutral,Neutral,Agree,Agree,Agree,Yes,,No,,,,
2023-11-13 ä¸__03:41:38,Agree,Germany,Undergraduate/graduate student,Python,Development,2 to 3 years,Agree,Strong Agree,Neutral,Neutral,Neutral,Neutral,Neutral,Neutral,Neutral,Strong Agree,I don't Know,I don't Know,I don't Know,I don't Know,I don't Know,I don't Know,I don't Know,I don't Know,I don't Know,,I don't Know,I don't Know,I don't Know,I don't Know,I don't Know,I don't Know,I don't Know,I don't Know,I don't Know,I don't Know,No,It never seemed worth the hassle. ,No,,,,
2023-11-13 ä¸__04:33:55,Agree,India,Undergraduate/graduate student,"Python, JavaScript",Development,2 to 3 years,Strong Agree,Neutral,Agree,Agree,Strong Agree,Neutral,Neutral,Strong Agree,Strong Agree,Strong Agree,I don't Know,I don't Know,I don't Know,I don't Know,I don't Know,,Strong Agree,I don't Know,Strong Agree,,Agree,Agree,Agree,Agree,Agree,Neutral,Neutral,Neutral,Agree,Agree,Yes,,,,,,
2023-11-16 ä¸__12:23:55,Agree,USA,Industrial or freelance professional,Python,Development,6 to 9 years,Agree,Strong Agree,Neutral,Strong Agree,Strong Agree,Disagree,Disagree,Agree,Agree,Agree,Strong Agree,Agree,Agree,Agree,Disagree,Disagree,Neutral,Neutral,Agree,,Neutral,Agree,Strong Agree,Agree,Neutral,Agree,Agree,Agree,Disagree,Disagree,Yes,I like flake8/ruff style tools a lot. I don't know if this counts as a code smell detection tool.,Yes,Useful refactoring cannot be automated,My editor (neovim) does not suport the tools,The best way to refactor is by maintaining the invariant that test coverage is complete and the tests pass. test harness. I would be interested in seeing automated refactoring tools that took advantage of this invariant.,
2023-11-13 ä¸__05:18:18,Agree,Russia,Industrial or freelance professional,Python,Development,6 to 9 years,Agree,Agree,Agree,Agree,Agree,Agree,Agree,Agree,Agree,Agree,Agree,Agree,Agree,Agree,Agree,Agree,Agree,Agree,Agree,,I don't Know,I don't Know,Agree,Agree,Agree,Neutral,Neutral,Agree,Agree,Agree,Yes,"Useful, but sometimes biased",Yes,Very useful ,Sometimes IDE don't fully understand which parts of code should be updated during refactoring. Sometimes it is quite slow process ,,
2023-11-13 ä¸__01:06:53,Agree,India ,Industrial or freelance professional,"Java, Python",Development,0 to 1 year,Agree,Agree,Agree,Strong Agree,Agree,Neutral,Neutral,Neutral,Agree,Agree,Neutral,Neutral,Strong Agree,Agree,Neutral,Neutral,Neutral,Strong Agree,Strong Agree,,Neutral,Strong Agree,Strong Agree,Strong Agree,Strong Agree,Agree,Strong Agree,Strong Agree,Strong Agree,Strong Agree,No,,No,,,,
2023-11-16 ä¸__10:57:16,Agree,Taiwan,Industrial or freelance professional,"Python, Go",Development,2 to 3 years,Agree,Strong Agree,Agree,Strong Agree,Strong Agree,Agree,Agree,Neutral,Neutral,Strong Agree,Strong Agree,Agree,Agree,Agree,Neutral,Neutral,Agree,Neutral,Strong Agree,,Strong Agree,Strong Agree,Strong Agree,Agree,Agree,Agree,Agree,Agree,Agree,Agree,Yes,I think it reminds developers to possible places to improve code quality.,No,I prefer the tool to inform or warn me instead of automatically doing what they do.,,,
2023-11-16 ä¸__01:56:00,Agree,Bangladesh,Industrial or freelance professional,Python,Development,2 to 3 years,Agree,Neutral,Neutral,Neutral,Neutral,Neutral,Neutral,Neutral,Neutral,Strong Agree,Agree,Agree,Agree,Agree,Agree,Agree,Neutral,Neutral,Disagree,,Neutral,Neutral,Neutral,Neutral,Neutral,Neutral,Neutral,Neutral,Neutral,Neutral,No,,Yes,,,,
2023-11-8 ä¸__02:33:31,Agree,US,Industrial or freelance professional,Java,Development,4 to 5 years,Agree,Agree,Agree,Agree,Strong Agree,Neutral,Neutral,Strong Agree,Agree,Agree,Agree,Agree,,Agree,Neutral,Neutral,Agree,Agree,,,Agree,Agree,Agree,Agree,Agree,Agree,Agree,Agree,Agree,Agree,No,,No,,,,
2023-11-13 ä¸__11:05:10,Agree,US,Industrial or freelance professional,Python,Development,4 to 5 years,Agree,Agree,Agree,Agree,Agree,Agree,Agree,Agree,Agree,Agree,Agree,Agree,Agree,Agree,Agree,Agree,Agree,Agree,Agree,,Neutral,Agree,Agree,Agree,Agree,Neutral,Strong Agree,Agree,Agree,Agree,No,,No,,,,
2023-11-11 ä¸__09:47:17,Agree,US,Industrial or freelance professional,Python,Development,6 to 9 years,Agree,Strong Agree,Strong Agree,Strong Agree,Strong Agree,Neutral,Neutral,Strong Agree,Strong Agree,Strong Agree,Strong Agree,Strong Agree,Strong Agree,Strong Agree,Neutral,Neutral,Strong Agree,Strong Agree,Strong Agree,,Agree,Agree,Agree,Agree,Neutral,Agree,Agree,Agree,Agree,Neutral,No,,No,,,,
2023-11-12 ä¸__09:09:31,Agree,Japan,Industrial or freelance professional,"Python, JavaScript",Development,6 to 9 years,Agree,Disagree,Agree,Agree,Agree,Strong Agree,Neutral,Strong Agree,Strong Agree,Strong Agree,Neutral,Agree,Agree,Agree,Disagree,Disagree,Strong Agree,Strong Agree,Neutral,,Disagree,Agree,Agree,Disagree,Agree,Disagree,Agree,Agree,Disagree,Disagree,Yes,"Pylint, flake8, mypy",No,,,,
2023-11-13 ä¸__04:44:38,Agree,United Kingdom ,Industrial or freelance professional,Python,Development,6 to 9 years,Agree,Strong Agree,Strong Agree,Strong Agree,Neutral,Agree,Agree,Strong Agree,Agree,Strong Agree,Strong Agree,Strong Agree,Agree,Disagree,Neutral,Neutral,Agree,Neutral,Agree,,Strong Agree,Strong Agree,Strong Agree,Strong Agree,Strong Agree,Strong Agree,Agree,Agree,Agree,Agree,Yes,,Yes,,,,
2023-11-13 ä¸__02:19:49,Agree,India,Industrial or freelance professional,"Java, C/C++, Python, JavaScript",Development,0 to 1 year,Strong Agree,Agree,Agree,Agree,Agree,Neutral,Neutral,Agree,Agree,Strong Agree,Neutral,Agree,Agree,Agree,Neutral,Neutral,Neutral,Neutral,Neutral,,Strong Agree,Strong Agree,Strong Agree,Strong Agree,Strong Agree,Strong Agree,Disagree,Strong Agree,Strong Agree,Strong Agree,Yes,,No,,,,
2023-11-9 ä¸__09:32:14,Agree,Switzerland,Industrial or freelance professional,"C/C++, Python",Development,10 years or more,Strong Agree,Strong Agree,Strong Agree,Strong Agree,Strong Agree,Strong Agree,Agree,Strong Agree,Neutral,Strong Agree,Agree,Neutral,Neutral,Neutral,Neutral,Neutral,Disagree,Neutral,Agree,,Disagree,Neutral,Neutral,Agree,Strong Agree,Neutral,Disagree,Disagree,Neutral,Disagree,Yes,They are helpful in small scale (similarly to compiler warnings or linter),No,,,,
2023-11-13 ä¸__03:29:40,Agree,Nigeria ,Industrial or freelance professional,"Python, JavaScript",Development,2 to 3 years,Strong Agree,Agree,Neutral,Strong Agree,Strong Agree,Agree,Neutral,Strong Agree,Strong Agree,Strong Agree,Agree,Agree,Strong Agree,Strong Agree,Neutral,Neutral,Agree,Strong Agree,Strong Agree,,Agree,Strong Agree,Strong Agree,Strong Agree,Strong Agree,Agree,Neutral,Strong Agree,Strong Agree,Strong Agree,No,I haven't heard about it,Yes,,,Having a good IDE extension ,
2023-11-16 ä¸__12:18:01,Agree,USA/CA,Industrial or freelance professional,Python,Development,2 to 3 years,Strong Agree,Neutral,Agree,Neutral,Agree,Neutral,Disagree,Strong Agree,Agree,Strong Agree,Disagree,Neutral,Neutral,Neutral,Neutral,Neutral,Agree,Agree,Neutral,,Neutral,Neutral,Strong Agree,Strong Agree,Strong Agree,Neutral,Neutral,Agree,Agree,Agree,No,,No,,,,
2023-11-14 ä¸__10:57:33,Agree,US,Industrial or freelance professional,Ruby,Development,6 to 9 years,Strong Agree,Strong Agree,Strong Agree,Strong Agree,Agree,Neutral,Neutral,Neutral,Agree,Strong Agree,Strong Agree,Strong Agree,Neutral,Neutral,Neutral,Neutral,Neutral,Agree,Strong Agree,,Strong Agree,Strong Agree,Strong Agree,Strong Agree,Strong Agree,Strong Agree,Strong Agree,Agree,Neutral,Neutral,Yes,Rubocop/Linters,No,,,,
2023-11-14 ä¸__11:49:54,Agree,france,Industrial or freelance professional,Python,Development,6 to 9 years,Strong Agree,Agree,Agree,Agree,Agree,Agree,Agree,Agree,Agree,Agree,Strong Agree,Neutral,Neutral,Neutral,Neutral,Neutral,Agree,Neutral,Agree,,Agree,Agree,Agree,Agree,Agree,Agree,Neutral,Agree,Agree,Agree,Yes,They work well.,No,,,,
2023-11-16 ä¸__08:22:35,Agree,Singapore,Academic or industrial researcher,"C/C++, Python, Haskell",Development,6 to 9 years,Agree,Strong Agree,Disagree,Disagree,Disagree,Disagree,Disagree,Strong Agree,Neutral,Agree,Strong Agree,Strongly Disagree,Strongly Disagree,Strongly Disagree,Strongly Disagree,Strongly Disagree,Strong Agree,Neutral,Agree,,Agree,Neutral,Agree,Disagree,Agree,Strong Agree,Neutral,Agree,Strongly Disagree,Strong Agree,No,,Yes,"Convenient, but sometimes not accurate",The tools sometimes fail to modify all the necessary places or introduce syntax errors,These tools should be capable of conducting a more comprehensive analysis of the entire codebase,
2023-11-12 ä¸__10:03:00,Agree,United Kingdom,Academic or industrial researcher,Python,Development,6 to 9 years,Strong Agree,Neutral,Agree,Strong Agree,Agree,Strong Agree,Strong Agree,Agree,Agree,Strong Agree,Agree,Neutral,Agree,Agree,Strong Agree,Strong Agree,Strong Agree,Agree,Strong Agree,,Disagree,Agree,Strong Agree,Strong Agree,Neutral,Agree,Neutral,Strong Agree,Strong Agree,Neutral,No,I don__ believe the system. It annoyingly makes easy mistakes.,No,,,,
2023-11-15 ä¸__07:31:41,Agree,India,Undergraduate/graduate student,Python,Project Manager,0 to 1 year,Strong Agree,Neutral,Agree,Agree,Strong Agree,Strong Agree,Strong Agree,Agree,Neutral,Strong Agree,Neutral,Agree,Strong Agree,Agree,Agree,Agree,Agree,Agree,Strong Agree,,Strong Agree,Strong Agree,Strong Agree,Strong Agree,Strong Agree,Strong Agree,Strong Agree,Strong Agree,Strong Agree,Strong Agree,No,,,,,,
2023-11-15 ä¸__12:30:58,Agree,United States,Academic or industrial researcher,"C/C++, Python, JavaScript, Rust",Research,6 to 9 years,Agree,Agree,Neutral,Agree,Strong Agree,Strong Agree,Agree,Strong Agree,Agree,Strong Agree,Disagree,Disagree,Neutral,Disagree,Disagree,Agree,Agree,Disagree,Disagree,,Neutral,Neutral,Neutral,Strong Agree,Strong Agree,Agree,Agree,Strong Agree,Agree,Neutral,No,,No,,,,
2023-11-13 ä¸__03:38:29,Agree,Sri Lanka,Undergraduate/graduate student,"Python, JavaScript, Rust",Student,0 to 1 year,Agree,Neutral,Agree,Strong Agree,Agree,Neutral,Disagree,Strong Agree,I don't Know,Strong Agree,Neutral,I don't Know,Strong Agree,I don't Know,I don't Know,Disagree,Agree,I don't Know,Strong Agree,,Agree,Neutral,Strong Agree,Neutral,Strong Agree,Neutral,Agree,Agree,Neutral,Agree,No,,Yes,,,,
2023-11-11 ä¸__02:32:33,Agree,South Korea,Academic or industrial researcher,"C/C++, Python",Systems research engineer,2 to 3 years,Strong Agree,Agree,Agree,Strong Agree,Strong Agree,Agree,Agree,Agree,Agree,Strong Agree,Neutral,Neutral,Agree,Agree,Neutral,Neutral,Agree,Neutral,Agree,,Agree,Agree,Agree,Agree,Agree,Agree,Agree,Agree,Agree,Agree,No,,No,,,,
2023-11-15 ä¸__05:20:12,Agree,Usa/texas,Academic or industrial researcher,"Java, Python",Testing,6 to 9 years,Agree,Neutral,Neutral,Agree,Agree,Agree,Agree,Strong Agree,Neutral,Agree,Neutral,Neutral,Neutral,Neutral,Neutral,Neutral,Agree,Neutral,Neutral,,Agree,Agree,Strong Agree,Strong Agree,Strong Agree,Agree,Agree,Agree,Agree,Agree,Yes,,No,,,,
2023-11-9 ä¸__12:48:55,Agree,,,,,,,,,,,,,,,,,,,,,,,,,,,,,,,,,,,,,,,,,,
2023-11-11 ä¸__08:01:25,Disagree,,,,,,,,,,,,,,,,,,,,,,,,,,,,,,,,,,,,,,,,,,
2023-11-11 ä¸__10:19:09,Disagree,,,,,,,,,,,,,,,,,,,,,,,,,,,,,,,,,,,,,,,,,,
2023-11-12 ä¸__05:37:22,Disagree,,,,,,,,,,,,,,,,,,,,,,,,,,,,,,,,,,,,,,,,,,
2023-11-13 ä¸__09:00:11,Disagree,,,,,,,,,,,,,,,,,,,,,,,,,,,,,,,,,,,,,,,,,,
2023-11-14 ä¸__10:20:12,Disagree,,,,,,,,,,,,,,,,,,,,,,,,,,,,,,,,,,,,,,,,,,
2023-11-15 ä¸__01:06:45,Disagree,,,,,,,,,,,,,,,,,,,,,,,,,,,,,,,,,,,,,,,,,,
2023-11-16 ä¸__02:46:05,Agree,,,,,,,,,,,,,,,,,,,,,,,,,,,,,,,,,,,,,,,,,,
2023-12-15 ä¸__12:10:43,Agree,Nigeria,Undergraduate/graduate student,"C/C++, Python, JavaScript",Development,2 to 3 years,Strong Agree,Strong Agree,Agree,Agree,Strong Agree,Strong Agree,Strong Agree,Strong Agree,Neutral,Strong Agree,Agree,Agree,Agree,Neutral,Strong Agree,Strong Agree,Strong Agree,Agree,Strong Agree,,I don't Know,Agree,Agree,Strong Agree,I don't Know,Neutral,Agree,Agree,Strong Agree,Neutral,No,I haven't heard of them,Yes,"I believe TabNine is an example of this, it really helps out during development, I love it.","Sometimes, TabNine interfere with what I'm really trying to do not every time but sometimes.","I believe there should be a training phase for the tool, where it watches your coding style without making any input for a while. Then after a set period of time, it starts making suggestions.",
2023-12-23 ä¸__07:47:25,Agree,USA,Industrial or freelance professional,C/C++,ML Compilers,10 years or more,Strong Agree,Strong Agree,Strong Agree,Strong Agree,Strong Agree,Strong Agree,Strong Agree,Strong Agree,Strong Agree,Strong Agree,Agree,Agree,Agree,Agree,Agree,Agree,Agree,Agree,Agree,,Strong Agree,Strong Agree,Strong Agree,Strong Agree,Strong Agree,Strong Agree,Strong Agree,Strong Agree,Strong Agree,Strong Agree,No,,Yes,,,,